Year,Month,Day,Hour,Minute,Second,Latitude,Longitude,Altitude,ECI-x,ECI-y,ECI-z
2024,8,6,0,0,0,-43.58385647,87.39629494,667046.6123,3780139.907,3426467.393,-4843753.343
2024,8,6,0,0,0.999994576,-43.55568563,87.46661762,667006.5328,3777431.745,3432975.626,-4841214.155
2024,8,6,0,0,1.999989152,-43.52746598,87.53687168,666966.366,3774719.267,3439479.937,-4838669.419
2024,8,6,0,0,2.999983728,-43.49919759,87.60705713,666926.1121,3772002.476,3445980.317,-4836119.139
2024,8,6,0,0,4.000018537,-43.47088056,87.67717383,666885.7711,3769281.374,3452476.758,-4833563.318
2024,8,6,0,0,5.000013113,-43.44251499,87.74722213,666845.343,3766555.964,3458969.254,-4831001.958
2024,8,6,0,0,6.000007689,-43.41410095,87.81720186,666804.828,3763826.25,3465457.797,-4828435.062
2024,8,6,0,0,7.000002265,-43.38563854,87.88711305,666764.2261,3761092.234,3471942.379,-4825862.634
2024,8,6,0,0,7.999996841,-43.35712784,87.95695572,666723.5374,3758353.92,3478422.994,-4823284.676
2024,8,6,0,0,8.999991417,-43.32856896,88.02672988,666682.762,3755611.311,3484899.632,-4820701.19
2024,8,6,0,0,9.999985993,-43.29996197,88.09643555,666641.8999,3752864.41,3491372.288,-4818112.181
2024,8,6,0,0,10.99998057,-43.27130697,88.16607275,666600.9513,3750113.219,3497840.953,-4815517.65
2024,8,6,0,0,12.00001538,-43.24260404,88.23564133,666559.9161,3747357.742,3504305.62,-4812917.6
2024,8,6,0,0,13.00000995,-43.21385328,88.30514164,666518.7946,3744597.982,3510766.282,-4810312.035
2024,8,6,0,0,14.00000453,-43.18505477,88.37457354,666477.5867,3741833.943,3517222.931,-4807700.958
2024,8,6,0,0,14.99999911,-43.15620861,88.44393704,666436.2925,3739065.626,3523675.56,-4805084.37
2024,8,6,0,0,15.99999368,-43.12731488,88.51323218,666394.9122,3736293.036,3530124.161,-4802462.276
2024,8,6,0,0,16.99998826,-43.09837367,88.58245896,666353.4457,3733516.175,3536568.727,-4799834.678
2024,8,6,0,0,17.99998283,-43.06938507,88.65161742,666311.8932,3730735.047,3543009.25,-4797201.579
2024,8,6,0,0,19.00001764,-43.04034917,88.7207074,666270.2547,3727949.654,3549445.723,-4794562.981
2024,8,6,0,0,20.00001222,-43.01126605,88.78972927,666228.5304,3725160,3555878.139,-4791918.889
2024,8,6,0,0,21.00000679,-42.98213582,88.85868289,666186.7203,3722366.088,3562306.49,-4789269.304
2024,8,6,0,0,22.00000137,-42.95295855,88.92756827,666144.8244,3719567.921,3568730.768,-4786614.23
2024,8,6,0,0,22.99999595,-42.92373433,88.99638544,666102.8429,3716765.501,3575150.967,-4783953.669
2024,8,6,0,0,23.99999052,-42.89446326,89.06513443,666060.7758,3713958.833,3581567.079,-4781287.626
2024,8,6,0,0,24.9999851,-42.86514541,89.13381526,666018.6233,3711147.919,3587979.096,-4778616.102
2024,8,6,0,0,26.00001991,-42.83578089,89.20242779,665976.3853,3708332.763,3594387.012,-4775939.1
2024,8,6,0,0,27.00001448,-42.80636977,89.27097239,665934.062,3705513.368,3600790.818,-4773256.624
2024,8,6,0,0,28.00000906,-42.77691215,89.33944892,665891.6534,3702689.736,3607190.508,-4770568.677
2024,8,6,0,0,29.00000364,-42.74740812,89.4078574,665849.1597,3699861.871,3613586.073,-4767875.261
2024,8,6,0,0,29.99999821,-42.71785775,89.47619785,665806.5809,3697029.776,3619977.507,-4765176.379
2024,8,6,0,0,30.99999279,-42.68826115,89.54447032,665763.917,3694193.454,3626364.802,-4762472.035
2024,8,6,0,0,31.99998736,-42.65861839,89.61267483,665721.1683,3691352.909,3632747.951,-4759762.232
2024,8,6,0,0,32.99998194,-42.62892957,89.68081141,665678.3346,3688508.144,3639126.946,-4757046.972
2024,8,6,0,0,34.00001675,-42.59919477,89.74887993,665635.4162,3685659.161,3645501.781,-4754326.259
2024,8,6,0,0,35.00001132,-42.56941409,89.81688074,665592.4131,3682805.964,3651872.447,-4751600.095
2024,8,6,0,0,36.0000059,-42.5395876,89.88481372,665549.3254,3679948.557,3658238.937,-4748868.484
2024,8,6,0,0,37.00000048,-42.5097154,89.95267889,665506.1531,3677086.941,3664601.245,-4746131.429
2024,8,6,0,0,37.99999505,-42.47979757,90.02047629,665462.8964,3674221.122,3670959.362,-4743388.932
2024,8,6,0,0,38.99998963,-42.44983421,90.08820595,665419.5553,3671351.101,3677313.282,-4740640.997
2024,8,6,0,0,39.9999842,-42.41982539,90.15586791,665376.1299,3668476.882,3683662.996,-4737887.627
2024,8,6,0,0,41.00001901,-42.38977121,90.22346203,665332.6203,3665598.468,3690008.498,-4735128.825
2024,8,6,0,0,42.00001359,-42.35967175,90.29098868,665289.0266,3662715.863,3696349.781,-4732364.593
2024,8,6,0,0,43.00000817,-42.3295271,90.35844773,665245.3488,3659829.069,3702686.836,-4729594.936
2024,8,6,0,0,44.00000274,-42.29933734,90.42583921,665201.587,3656938.091,3709019.657,-4726819.856
2024,8,6,0,0,44.99999732,-42.26910257,90.49316317,665157.7414,3654042.93,3715348.237,-4724039.356
2024,8,6,0,0,45.99999189,-42.23882287,90.56041963,665113.8119,3651143.591,3721672.567,-4721253.439
2024,8,6,0,0,46.99998647,-42.20849833,90.62760863,665069.7987,3648240.076,3727992.641,-4718462.109
2024,8,6,0,0,47.99998105,-42.17812903,90.69473022,665025.7019,3645332.389,3734308.452,-4715665.368
2024,8,6,0,0,49.00001585,-42.14771506,90.76178426,664981.5215,3642420.533,3740619.992,-4712863.22
2024,8,6,0,0,50.00001043,-42.11725651,90.82877112,664937.2576,3639504.512,3746927.254,-4710055.667
2024,8,6,0,0,51.00000501,-42.08675346,90.89569068,664892.9103,3636584.328,3753230.23,-4707242.714
2024,8,6,0,0,51.99999958,-42.056206,90.96254297,664848.4797,3633659.985,3759528.913,-4704424.362
2024,8,6,0,0,52.99999416,-42.02561421,91.02932804,664803.9658,3630731.486,3765823.297,-4701600.616
2024,8,6,0,0,53.99998873,-41.99497819,91.09604592,664759.3688,3627798.835,3772113.373,-4698771.478
2024,8,6,0,0,54.99998331,-41.96429801,91.16269666,664714.6888,3624862.034,3778399.135,-4695936.951
2024,8,6,0,0,56.00001812,-41.93357377,91.22928012,664669.9257,3621921.087,3784680.575,-4693097.038
2024,8,6,0,0,57.0000127,-41.90280554,91.2957967,664625.0798,3618975.998,3790957.686,-4690251.744
2024,8,6,0,0,58.00000727,-41.87199342,91.36224625,664580.151,3616026.769,3797230.46,-4687401.07
2024,8,6,0,0,59.00000185,-41.84113749,91.42862882,664535.1395,3613073.404,3803498.891,-4684545.021
2024,8,6,0,0,59.99999642,-41.81023784,91.49494446,664490.0453,3610115.906,3809762.971,-4681683.599
2024,8,6,0,1,0.999991,-41.77929454,91.5611932,664444.8686,3607154.279,3816022.693,-4678816.807
2024,8,6,0,1,1.999985576,-41.7483077,91.6273751,664399.6094,3604188.525,3822278.05,-4675944.649
2024,8,6,0,1,2.999980152,-41.71727738,91.69349019,664354.2677,3601218.649,3828529.034,-4673067.127
2024,8,6,0,1,4.000014961,-41.68620369,91.75953836,664308.8438,3598244.653,3834775.639,-4670184.246
2024,8,6,0,1,5.000009537,-41.65508669,91.82551997,664263.3376,3595266.541,3841017.856,-4667296.008
2024,8,6,0,1,6.000004113,-41.62392648,91.89143492,664217.7493,3592284.316,3847255.679,-4664402.416
2024,8,6,0,1,6.999998689,-41.59272315,91.95728324,664172.0789,3589297.981,3853489.101,-4661503.474
2024,8,6,0,1,7.999993265,-41.56147677,92.02306498,664126.3265,3586307.54,3859718.114,-4658599.185
2024,8,6,0,1,8.999987841,-41.53018743,92.08878019,664080.4922,3583312.997,3865942.711,-4655689.552
2024,8,6,0,1,9.999982417,-41.49885522,92.15442892,664034.5761,3580314.354,3872162.886,-4652774.579
2024,8,6,0,1,11.00001723,-41.46748021,92.22001103,663988.5783,3577311.614,3878378.63,-4649854.268
2024,8,6,0,1,12.0000118,-41.43606251,92.28552693,663942.4989,3574304.782,3884589.936,-4646928.623
2024,8,6,0,1,13.00000638,-41.40460218,92.35097648,663896.3378,3571293.86,3890796.798,-4643997.647
2024,8,6,0,1,14.00000095,-41.37309931,92.41635974,663850.0953,3568278.853,3896999.208,-4641061.344
2024,8,6,0,1,14.99999553,-41.341554,92.48167676,663803.7715,3565259.762,3903197.159,-4638119.716
2024,8,6,0,1,15.99999011,-41.30996631,92.54692757,663757.3663,3562236.593,3909390.644,-4635172.768
2024,8,6,0,1,16.99998468,-41.27833634,92.61211224,663710.8799,3559209.347,3915579.656,-4632220.501
2024,8,6,0,1,18.00001949,-41.24666417,92.67723065,663664.3124,3556178.029,3921764.187,-4629262.92
2024,8,6,0,1,19.00001407,-41.21494988,92.74228318,663617.6638,3553142.642,3927944.231,-4626300.028
2024,8,6,0,1,20.00000864,-41.18319356,92.80726971,663570.9343,3550103.189,3934119.78,-4623331.828
2024,8,6,0,1,21.00000322,-41.15139529,92.8721903,663524.1239,3547059.674,3940290.826,-4620358.324
2024,8,6,0,1,21.99999779,-41.11955515,92.937045,663477.2327,3544012.099,3946457.364,-4617379.518
2024,8,6,0,1,22.99999237,-41.08767323,93.00183385,663430.2609,3540960.47,3952619.385,-4614395.414
2024,8,6,0,1,23.99998695,-41.05574961,93.06655692,663383.2084,3537904.788,3958776.884,-4611406.016
2024,8,6,0,1,24.99998152,-41.02378437,93.13121425,663336.0754,3534845.057,3964929.851,-4608411.327
2024,8,6,0,1,26.00001633,-40.9917776,93.19580573,663288.862,3531781.282,3971078.281,-4605411.349
2024,8,6,0,1,27.00001091,-40.95972937,93.26033174,663241.5682,3528713.464,3977222.166,-4602406.087
2024,8,6,0,1,28.00000548,-40.92763978,93.32479218,663194.1941,3525641.608,3983361.5,-4599395.544
2024,8,6,0,1,29.00000006,-40.8955089,93.3891871,663146.7399,3522565.717,3989496.274,-4596379.723
2024,8,6,0,1,29.99999464,-40.86333682,93.45351655,663099.2056,3519485.795,3995626.482,-4593358.627
2024,8,6,0,1,30.99998921,-40.83112362,93.51778059,663051.5913,3516401.844,4001752.117,-4590332.26
2024,8,6,0,1,31.99998379,-40.79886938,93.58197927,663003.897,3513313.869,4007873.172,-4587300.625
2024,8,6,0,1,33.0000186,-40.76657419,93.64611247,662956.123,3510221.873,4013989.639,-4584263.726
2024,8,6,0,1,34.00001317,-40.73423812,93.7101806,662908.2692,3507125.859,4020101.512,-4581221.566
2024,8,6,0,1,35.00000775,-40.70186126,93.77418354,662860.3358,3504025.831,4026208.784,-4578174.149
2024,8,6,0,1,36.00000232,-40.66944369,93.83812134,662812.3228,3500921.792,4032311.447,-4575121.477
2024,8,6,0,1,36.9999969,-40.63698549,93.90199406,662764.2303,3497813.746,4038409.494,-4572063.554
2024,8,6,0,1,37.99999148,-40.60448675,93.96580177,662716.0585,3494701.696,4044502.918,-4569000.384
2024,8,6,0,1,38.99998605,-40.57194754,94.02954451,662667.8073,3491585.646,4050591.712,-4565931.97
2024,8,6,0,1,39.99998063,-40.53936795,94.09322234,662619.477,3488465.599,4056675.87,-4562858.315
2024,8,6,0,1,41.00001544,-40.50674806,94.15683516,662571.0675,3485341.559,4062755.384,-4559779.423
2024,8,6,0,1,42.00001001,-40.47408794,94.22038336,662522.5791,3482213.529,4068830.246,-4556695.298
2024,8,6,0,1,43.00000459,-40.44138769,94.28386682,662474.0116,3479081.512,4074900.451,-4553605.942
2024,8,6,0,1,43.99999917,-40.40864738,94.34728562,662425.3654,3475945.513,4080965.991,-4550511.359
2024,8,6,0,1,44.99999374,-40.3758671,94.4106398,662376.6404,3472805.535,4087026.858,-4547411.553
2024,8,6,0,1,45.99998832,-40.34304692,94.47392943,662327.8367,3469661.58,4093083.047,-4544306.528
2024,8,6,0,1,46.99998289,-40.31018692,94.53715457,662278.9544,3466513.654,4099134.549,-4541196.285
2024,8,6,0,1,48.0000177,-40.27728719,94.60031511,662229.9936,3463361.759,4105181.358,-4538080.83
2024,8,6,0,1,49.00001228,-40.2443478,94.66341144,662180.9545,3460205.898,4111223.467,-4534960.165
2024,8,6,0,1,50.00000685,-40.21136884,94.72644346,662131.837,3457046.076,4117260.868,-4531834.294
2024,8,6,0,1,51.00000143,-40.17835039,94.78941123,662082.6413,3453882.296,4123293.556,-4528703.221
2024,8,6,0,1,51.99999601,-40.14529253,94.85231482,662033.3675,3450714.562,4129321.522,-4525566.948
2024,8,6,0,1,52.99999058,-40.11219533,94.91515427,661984.0156,3447542.876,4135344.76,-4522425.48
2024,8,6,0,1,53.99998516,-40.07905888,94.97792967,661934.5858,3444367.243,4141363.263,-4519278.82
2024,8,6,0,1,55.00001997,-40.04588326,95.04064089,661885.0782,3441187.666,4147377.024,-4516126.972
2024,8,6,0,1,56.00001454,-40.01266854,95.10328834,661835.4928,3438004.149,4153386.035,-4512969.938
2024,8,6,0,1,57.00000912,-39.97941481,95.16587191,661785.8297,3434816.694,4159390.291,-4509807.723
2024,8,6,0,1,58.0000037,-39.94612215,95.22839167,661736.089,3431625.307,4165389.783,-4506640.33
2024,8,6,0,1,58.99999827,-39.91279063,95.29084768,661686.2708,3428429.99,4171384.506,-4503467.762
2024,8,6,0,1,59.99999285,-39.87942034,95.35324,661636.3753,3425230.747,4177374.451,-4500290.024
2024,8,6,0,2,0.999987423,-39.84601136,95.4155687,661586.4024,3422027.582,4183359.612,-4497107.118
2024,8,6,0,2,1.999981999,-39.81256375,95.47783385,661536.3523,3418820.498,4189339.983,-4493919.049
2024,8,6,0,2,3.000016809,-39.77907761,95.54003533,661486.2251,3415609.498,4195315.555,-4490725.819
2024,8,6,0,2,4.000011384,-39.74555301,95.60217355,661436.0208,3412394.587,4201286.323,-4487527.433
2024,8,6,0,2,5.00000596,-39.71199003,95.66424841,661385.7396,3409175.768,4207252.279,-4484323.893
2024,8,6,0,2,6.000000536,-39.67838875,95.72625997,661335.3816,3405953.044,4213213.417,-4481115.204
2024,8,6,0,2,6.999995112,-39.64474925,95.7882083,661284.9468,3402726.42,4219169.728,-4477901.369
2024,8,6,0,2,7.999989688,-39.6110716,95.85009346,661234.4353,3399495.898,4225121.208,-4474682.392
2024,8,6,0,2,8.999984264,-39.57735589,95.91191552,661183.8473,3396261.483,4231067.848,-4471458.276
2024,8,6,0,2,10.00001907,-39.54360219,95.97367438,661133.1828,3393023.178,4237009.641,-4468229.025
2024,8,6,0,2,11.00001365,-39.50981058,96.03537044,661082.4419,3389780.986,4242946.582,-4464994.642
2024,8,6,0,2,12.00000823,-39.47598114,96.09700359,661031.6247,3386534.912,4248878.662,-4461755.131
2024,8,6,0,2,13.0000028,-39.44211395,96.15857392,660980.7313,3383284.958,4254805.875,-4458510.496
2024,8,6,0,2,13.99999738,-39.40820908,96.22008148,660929.7618,3380031.13,4260728.215,-4455260.74
2024,8,6,0,2,14.99999195,-39.37426661,96.28152635,660878.7162,3376773.429,4266645.673,-4452005.868
2024,8,6,0,2,15.99998653,-39.34028662,96.34290858,660827.5948,3373511.86,4272558.244,-4448745.881
2024,8,6,0,2,16.99998111,-39.30626919,96.40422825,660776.3975,3370246.427,4278465.921,-4445480.785
2024,8,6,0,2,18.00001591,-39.2722144,96.46548526,660725.1245,3366977.133,4284368.696,-4442210.583
2024,8,6,0,2,19.00001049,-39.23812231,96.52668001,660673.7759,3363703.982,4290266.562,-4438935.279
2024,8,6,0,2,20.00000507,-39.20399301,96.58781241,660622.3517,3360426.978,4296159.514,-4435654.875
2024,8,6,0,2,20.99999964,-39.16982658,96.64888252,660570.8521,3357146.123,4302047.544,-4432369.376
2024,8,6,0,2,21.99999422,-39.1356231,96.70989042,660519.2771,3353861.423,4307930.645,-4429078.786
2024,8,6,0,2,22.99998879,-39.10138263,96.77083616,660467.6269,3350572.88,4313808.81,-4425783.108
2024,8,6,0,2,23.99998337,-39.06710525,96.83171983,660415.9014,3347280.499,4319682.033,-4422482.346
2024,8,6,0,2,25.00001818,-39.03279105,96.89254132,660364.1009,3343984.282,4325550.306,-4419176.503
2024,8,6,0,2,26.00001276,-38.9984401,96.95330105,660312.2255,3340684.234,4331413.623,-4415865.584
2024,8,6,0,2,27.00000733,-38.96405248,97.0139989,660260.2751,3337380.359,4337271.978,-4412549.591
2024,8,6,0,2,28.00000191,-38.92962825,97.07463496,660208.2499,3334072.659,4343125.362,-4409228.53
2024,8,6,0,2,28.99999648,-38.8951675,97.13520929,660156.1501,3330761.14,4348973.77,-4405902.402
2024,8,6,0,2,29.99999106,-38.86067031,97.19572197,660103.9756,3327445.804,4354817.195,-4402571.213
2024,8,6,0,2,30.99998564,-38.82613674,97.25617307,660051.7267,3324126.655,4360655.629,-4399234.965
2024,8,6,0,2,31.99998021,-38.79156688,97.31656266,659999.4033,3320803.697,4366489.066,-4395893.663
2024,8,6,0,2,33.00001502,-38.7569608,97.37689064,659947.0056,3317476.933,4372317.5,-4392547.31
2024,8,6,0,2,34.0000096,-38.72231858,97.43715741,659894.5337,3314146.368,4378140.923,-4389195.91
2024,8,6,0,2,35.00000417,-38.68764028,97.4973629,659841.9877,3310812.006,4383959.329,-4385839.467
2024,8,6,0,2,35.99999875,-38.652926,97.55750716,659789.3677,3307473.849,4389772.711,-4382477.984
2024,8,6,0,2,36.99999332,-38.61817579,97.61759027,659736.6737,3304131.901,4395581.061,-4379111.466
2024,8,6,0,2,37.9999879,-38.58338974,97.6776123,659683.9059,3300786.167,4401384.375,-4375739.915
2024,8,6,0,2,38.99998248,-38.54856792,97.73757333,659631.0643,3297436.651,4407182.643,-4372363.337
2024,8,6,0,2,40.00001729,-38.51371041,97.79747326,659578.1491,3294083.355,4412975.861,-4368981.734
2024,8,6,0,2,41.00001186,-38.47881728,97.85731249,659525.1604,3290726.284,4418764.021,-4365595.11
2024,8,6,0,2,42.00000644,-38.44388861,97.91709095,659472.0982,3287365.441,4424547.116,-4362203.469
2024,8,6,0,2,43.00000101,-38.40892446,97.97680869,659418.9626,3284000.83,4430325.14,-4358806.816
2024,8,6,0,2,43.99999559,-38.37392492,98.0364658,659365.7538,3280632.456,4436098.085,-4355405.152
2024,8,6,0,2,44.99999017,-38.33889006,98.09606234,659312.4719,3277260.321,4441865.946,-4351998.484
2024,8,6,0,2,45.99998474,-38.30381995,98.1555984,659259.1168,3273884.43,4447628.716,-4348586.814
2024,8,6,0,2,47.00001955,-38.26871467,98.21507387,659205.6888,3270504.786,4453386.387,-4345170.146
2024,8,6,0,2,48.00001413,-38.23357428,98.27448918,659152.188,3267121.393,4459138.953,-4341748.483
2024,8,6,0,2,49.0000087,-38.19839887,98.33384422,659098.6143,3263734.255,4464886.407,-4338321.831
2024,8,6,0,2,50.00000328,-38.16318851,98.39313907,659044.968,3260343.376,4470628.744,-4334890.192
2024,8,6,0,2,50.99999785,-38.12794327,98.45237381,658991.2491,3256948.759,4476365.955,-4331453.571
2024,8,6,0,2,51.99999243,-38.09266322,98.51154851,658937.4577,3253550.409,4482098.034,-4328011.971
2024,8,6,0,2,52.99998701,-38.05734844,98.57066324,658883.594,3250148.329,4487824.975,-4324565.396
2024,8,6,0,2,53.99998158,-38.021999,98.62971809,658829.6579,3246742.523,4493546.771,-4321113.85
2024,8,6,0,2,55.00001639,-37.98661498,98.68871296,658775.6497,3243332.994,4499263.415,-4317657.337
2024,8,6,0,2,56.00001097,-37.95119644,98.74764827,658721.5694,3239919.747,4504974.901,-4314195.861
2024,8,6,0,2,57.00000554,-37.91574346,98.80652391,658667.4171,3236502.786,4510681.222,-4310729.425
2024,8,6,0,2,58.00000012,-37.88025612,98.86533997,658613.1929,3233082.114,4516382.371,-4307258.034
2024,8,6,0,2,58.9999947,-37.84473447,98.92409653,658558.8969,3229657.736,4522078.341,-4303781.691
2024,8,6,0,2,59.99998927,-37.80917861,98.98279366,658504.5292,3226229.654,4527769.127,-4300300.4
2024,8,6,0,3,0.999983847,-37.77358859,99.04143144,658450.0899,3222797.873,4533454.721,-4296814.166
2024,8,6,0,3,2.000018656,-37.7379645,99.10000977,658395.5792,3219362.397,4539135.116,-4293322.991
2024,8,6,0,3,3.000013232,-37.7023064,99.15852907,658340.997,3215923.229,4544810.307,-4289826.881
2024,8,6,0,3,4.000007808,-37.66661436,99.21698926,658286.3435,3212480.374,4550480.286,-4286325.838
2024,8,6,0,3,5.000002384,-37.63088846,99.2753904,658231.6188,3209033.835,4556145.047,-4282819.867
2024,8,6,0,3,5.99999696,-37.59512877,99.33373257,658176.823,3205583.616,4561804.583,-4279308.972
2024,8,6,0,3,6.999991536,-37.55933536,99.39201586,658121.9562,3202129.721,4567458.888,-4275793.157
2024,8,6,0,3,7.999986112,-37.52350831,99.45024034,658067.0185,3198672.154,4573107.955,-4272272.425
2024,8,6,0,3,8.999980688,-37.48764767,99.50840609,658012.01,3195210.919,4578751.778,-4268746.78
2024,8,6,0,3,10.0000155,-37.45175354,99.56651301,657956.9308,3191746.02,4584390.349,-4265216.227
2024,8,6,0,3,11.00001007,-37.41582596,99.62456153,657901.781,3188277.46,4590023.663,-4261680.77
2024,8,6,0,3,12.00000465,-37.37986503,99.68255156,657846.5607,3184805.244,4595651.712,-4258140.411
2024,8,6,0,3,12.99999923,-37.3438708,99.74048316,657791.27,3181329.375,4601274.49,-4254595.156
2024,8,6,0,3,13.9999938,-37.30784335,99.79835643,657735.909,3177849.858,4606891.991,-4251045.009
2024,8,6,0,3,14.99998838,-37.27178275,99.85617144,657680.4777,3174366.695,4612504.208,-4247489.972
2024,8,6,0,3,15.99998295,-37.23568906,99.91392827,657624.9764,3170879.892,4618111.135,-4243930.051
2024,8,6,0,3,17.00001776,-37.19956237,99.97162682,657569.4051,3167389.452,4623712.764,-4240365.249
2024,8,6,0,3,18.00001234,-37.16340274,100.0292675,657513.7638,3163895.379,4629309.09,-4236795.571
2024,8,6,0,3,19.00000691,-37.12721024,100.0868503,657458.0528,3160397.676,4634900.106,-4233221.019
2024,8,6,0,3,20.00000149,-37.09098494,100.1443752,657402.272,3156896.349,4640485.805,-4229641.599
2024,8,6,0,3,20.99999607,-37.05472691,100.2018423,657346.4217,3153391.4,4646066.18,-4226057.314
2024,8,6,0,3,21.99999064,-37.01843622,100.2592517,657290.5018,3149882.834,4651641.226,-4222468.168
2024,8,6,0,3,22.99998522,-36.98211294,100.3166035,657234.5125,3146370.654,4657210.936,-4218874.166
2024,8,6,0,3,24.00002003,-36.94575714,100.3738976,657178.454,3142854.866,4662775.303,-4215275.311
2024,8,6,0,3,25.0000146,-36.90936888,100.4311344,657122.3262,3139335.471,4668334.32,-4211671.607
2024,8,6,0,3,26.00000918,-36.87294825,100.4883138,657066.1294,3135812.475,4673887.982,-4208063.058
2024,8,6,0,3,27.00000376,-36.8364953,100.5454359,657009.8635,3132285.882,4679436.282,-4204449.669
2024,8,6,0,3,27.99999833,-36.80001011,100.6025007,656953.5287,3128755.695,4684979.213,-4200831.444
2024,8,6,0,3,28.99999291,-36.76349275,100.6595085,656897.1252,3125221.918,4690516.769,-4197208.386
2024,8,6,0,3,29.99998748,-36.72694328,100.7164591,656840.653,3121684.556,4696048.943,-4193580.499
2024,8,6,0,3,30.99998206,-36.69036177,100.7733528,656784.1121,3118143.612,4701575.729,-4189947.788
2024,8,6,0,3,32.00001687,-36.6537483,100.8301895,656727.5028,3114599.091,4707097.12,-4186310.257
2024,8,6,0,3,33.00001144,-36.61710292,100.8869694,656670.8251,3111050.996,4712613.11,-4182667.909
2024,8,6,0,3,34.00000602,-36.58042572,100.9436927,656614.0791,3107499.331,4718123.693,-4179020.75
2024,8,6,0,3,35.0000006,-36.54371675,101.0003593,656557.2649,3103944.1,4723628.861,-4175368.782
2024,8,6,0,3,35.99999517,-36.50697608,101.0569693,656500.3827,3100385.308,4729128.61,-4171712.01
2024,8,6,0,3,36.99998975,-36.47020379,101.1135228,656443.4324,3096822.958,4734622.931,-4168050.439
2024,8,6,0,3,37.99998432,-36.43339994,101.1700199,656386.4143,3093257.054,4740111.819,-4164384.072
2024,8,6,0,3,39.00001913,-36.3965646,101.2264605,656329.3284,3089687.6,4745595.268,-4160712.913
2024,8,6,0,3,40.00001371,-36.35969784,101.2828451,656272.1749,3086114.601,4751073.27,-4157036.966
2024,8,6,0,3,41.00000829,-36.32279972,101.3391735,656214.9538,3082538.061,4756545.82,-4153356.236
2024,8,6,0,3,42.00000286,-36.28587031,101.3954457,656157.6652,3078957.982,4762012.911,-4149670.727
2024,8,6,0,3,42.99999744,-36.24890968,101.451662,656100.3092,3075374.37,4767474.536,-4145980.443
2024,8,6,0,3,43.99999201,-36.21191789,101.5078224,656042.886,3071787.229,4772930.69,-4142285.387
2024,8,6,0,3,44.99998659,-36.17489502,101.5639269,655985.3956,3068196.562,4778381.366,-4138585.565
2024,8,6,0,3,45.99998116,-36.13784113,101.6199757,655927.8382,3064602.373,4783826.557,-4134880.98
2024,8,6,0,3,47.00001597,-36.10075629,101.6759687,655870.2138,3061004.667,4789266.258,-4131171.637
2024,8,6,0,3,48.00001055,-36.06364056,101.7319062,655812.5226,3057403.447,4794700.461,-4127457.539
2024,8,6,0,3,49.00000513,-36.02649401,101.7877882,655754.7646,3053798.719,4800129.16,-4123738.69
2024,8,6,0,3,49.9999997,-35.9893167,101.8436148,655696.94,3050190.485,4805552.35,-4120015.096
2024,8,6,0,3,50.99999428,-35.95210871,101.899386,655639.0489,3046578.749,4810970.023,-4116286.76
2024,8,6,0,3,51.99998885,-35.9148701,101.955102,655581.0913,3042963.517,4816382.174,-4112553.686
2024,8,6,0,3,52.99998343,-35.87760094,102.0107629,655523.0674,3039344.791,4821788.796,-4108815.878
2024,8,6,0,3,54.00001824,-35.84030128,102.0663684,655464.9773,3035722.577,4827189.882,-4105073.341
2024,8,6,0,3,55.00001281,-35.80297121,102.1219191,655406.821,3032096.877,4832585.427,-4101326.079
2024,8,6,0,3,56.00000739,-35.76561078,102.1774149,655348.5987,3028467.697,4837975.424,-4097574.096
2024,8,6,0,3,57.00000197,-35.72822005,102.2328559,655290.3106,3024835.04,4843359.866,-4093817.396
2024,8,6,0,3,57.99999654,-35.69079911,102.2882421,655231.9566,3021198.91,4848738.748,-4090055.984
2024,8,6,0,3,58.99999112,-35.653348,102.3435736,655173.5369,3017559.311,4854112.063,-4086289.864
2024,8,6,0,3,59.99998569,-35.6158668,102.3988505,655115.0516,3013916.248,4859479.805,-4082519.039
2024,8,6,0,4,0.999980271,-35.57835556,102.4540729,655056.5008,3010269.725,4864841.967,-4078743.514
2024,8,6,0,4,2.00001508,-35.54081437,102.5092408,654997.8846,3006619.745,4870198.544,-4074963.294
2024,8,6,0,4,3.000009656,-35.50324327,102.5643544,654939.2031,3002966.314,4875549.528,-4071178.383
2024,8,6,0,4,4.000004232,-35.46564234,102.6194138,654880.4565,2999309.434,4880894.914,-4067388.784
2024,8,6,0,4,4.999998808,-35.42801164,102.6744191,654821.6448,2995649.11,4886234.696,-4063594.502
2024,8,6,0,4,5.999993384,-35.39035124,102.7293702,654762.7681,2991985.346,4891568.867,-4059795.542
2024,8,6,0,4,6.99998796,-35.3526612,102.7842673,654703.8265,2988318.147,4896897.42,-4055991.908
2024,8,6,0,4,7.999982536,-35.31494158,102.8391105,654644.8202,2984647.516,4902220.35,-4052183.603
2024,8,6,0,4,9.000017345,-35.27719244,102.8938997,654585.7492,2980973.457,4907537.651,-4048370.633
2024,8,6,0,4,10.00001192,-35.23941386,102.9486353,654526.6137,2977295.976,4912849.315,-4044553.001
2024,8,6,0,4,11.0000065,-35.2016059,103.0033173,654467.4137,2973615.075,4918155.338,-4040730.712
2024,8,6,0,4,12.00000107,-35.16376862,103.0579457,654408.1494,2969930.759,4923455.712,-4036903.769
2024,8,6,0,4,12.99999565,-35.12590208,103.1125205,654348.8208,2966243.032,4928750.432,-4033072.179
2024,8,6,0,4,13.99999022,-35.08800635,103.167042,654289.4282,2962551.899,4934039.491,-4029235.943
2024,8,6,0,4,14.9999848,-35.05008149,103.2215101,654229.9715,2958857.363,4939322.883,-4025395.068
2024,8,6,0,4,16.00001961,-35.01212757,103.2759248,654170.4509,2955159.428,4944600.602,-4021549.557
2024,8,6,0,4,17.00001419,-34.97414464,103.3302865,654110.8664,2951458.1,4949872.641,-4017699.415
2024,8,6,0,4,18.00000876,-34.93613278,103.3845951,654051.2183,2947753.381,4955138.995,-4013844.645
2024,8,6,0,4,19.00000334,-34.89809204,103.4388508,653991.5066,2944045.277,4960399.657,-4009985.253
2024,8,6,0,4,19.99999791,-34.86002249,103.4930535,653931.7314,2940333.79,4965654.622,-4006121.242
2024,8,6,0,4,20.99999249,-34.82192418,103.5472034,653871.8928,2936618.927,4970903.882,-4002252.618
2024,8,6,0,4,21.99998707,-34.7837972,103.6013005,653811.9909,2932900.689,4976147.432,-3998379.383
2024,8,6,0,4,22.99998164,-34.74564159,103.6553451,653752.0258,2929179.083,4981385.265,-3994501.543
2024,8,6,0,4,24.00001645,-34.70745741,103.7093368,653691.9977,2925454.112,4986617.376,-3990619.102
2024,8,6,0,4,25.00001103,-34.66924474,103.7632763,653631.9066,2921725.78,4991843.759,-3986732.064
2024,8,6,0,4,26.0000056,-34.63100364,103.8171633,653571.7527,2917994.092,4997064.406,-3982840.434
2024,8,6,0,4,27.00000018,-34.59273416,103.8709981,653511.536,2914259.051,5002279.312,-3978944.216
2024,8,6,0,4,27.99999475,-34.55443636,103.9247806,653451.2567,2910520.662,5007488.472,-3975043.415
2024,8,6,0,4,28.99998933,-34.51611032,103.9785109,653390.9149,2906778.929,5012691.878,-3971138.034
2024,8,6,0,4,29.99998391,-34.47775609,104.0321893,653330.5106,2903033.856,5017889.525,-3967228.079
2024,8,6,0,4,31.00001872,-34.43937373,104.0858154,653270.044,2899285.448,5023081.406,-3963313.553
2024,8,6,0,4,32.00001329,-34.40096331,104.1393899,653209.5152,2895533.709,5028267.515,-3959394.461
2024,8,6,0,4,33.00000787,-34.36252488,104.1929125,653148.9243,2891778.643,5033447.847,-3955470.807
2024,8,6,0,4,34.00000244,-34.32405851,104.2463834,653088.2714,2888020.254,5038622.396,-3951542.596
2024,8,6,0,4,34.99999702,-34.28556426,104.2998027,653027.5566,2884258.546,5043791.154,-3947609.833
2024,8,6,0,4,35.9999916,-34.24704219,104.3531704,652966.78,2880493.524,5048954.116,-3943672.521
2024,8,6,0,4,36.99998617,-34.20849237,104.4064867,652905.9417,2876725.192,5054111.277,-3939730.665
2024,8,6,0,4,37.99998075,-34.16991484,104.4597516,652845.0419,2872953.554,5059262.629,-3935784.27
2024,8,6,0,4,39.00001556,-34.13130968,104.512965,652784.0807,2869178.615,5064408.168,-3931833.339
2024,8,6,0,4,40.00001013,-34.09267695,104.5661274,652723.058,2865400.378,5069547.886,-3927877.878
2024,8,6,0,4,41.00000471,-34.0540167,104.6192387,652661.9742,2861618.848,5074681.777,-3923917.891
2024,8,6,0,4,41.99999928,-34.01532899,104.6722989,652600.8292,2857834.03,5079809.837,-3919953.382
2024,8,6,0,4,42.99999386,-33.97661389,104.7253082,652539.6231,2854045.926,5084932.058,-3915984.356
2024,8,6,0,4,43.99998844,-33.93787146,104.7782667,652478.3562,2850254.543,5090048.435,-3912010.817
2024,8,6,0,4,44.99998301,-33.89910176,104.8311743,652417.0284,2846459.884,5095158.962,-3908032.769
2024,8,6,0,4,46.00001782,-33.86030484,104.8840311,652355.64,2842661.953,5100263.632,-3904050.218
2024,8,6,0,4,47.0000124,-33.82148076,104.9368374,652294.1909,2838860.755,5105362.44,-3900063.167
2024,8,6,0,4,48.00000697,-33.7826296,104.9895932,652232.6814,2835056.293,5110455.379,-3896071.622
2024,8,6,0,4,49.00000155,-33.7437514,105.0422986,652171.1115,2831248.573,5115542.444,-3892075.586
2024,8,6,0,4,49.99999613,-33.70484622,105.0949536,652109.4813,2827437.598,5120623.629,-3888075.064
2024,8,6,0,4,50.9999907,-33.66591413,105.1475584,652047.7909,2823623.373,5125698.927,-3884070.061
2024,8,6,0,4,51.99998528,-33.62695519,105.200113,651986.0405,2819805.902,5130768.333,-3880060.58
2024,8,6,0,4,53.00002009,-33.58796945,105.2526173,651924.2302,2815985.19,5135831.84,-3876046.628
2024,8,6,0,4,54.00001466,-33.54895697,105.3050718,651862.36,2812161.24,5140889.443,-3872028.207
2024,8,6,0,4,55.00000924,-33.50991781,105.3574763,651800.4301,2808334.057,5145941.136,-3868005.323
2024,8,6,0,4,56.00000381,-33.47085204,105.4098311,651738.4406,2804503.645,5150986.913,-3863977.98
2024,8,6,0,4,56.99999839,-33.4317597,105.462136,651676.3916,2800670.01,5156026.768,-3859946.183
2024,8,6,0,4,57.99999297,-33.39264087,105.5143913,651614.2832,2796833.154,5161060.694,-3855909.936
2024,8,6,0,4,58.99998754,-33.35349559,105.566597,651552.1155,2792993.082,5166088.687,-3851869.244
2024,8,6,0,4,59.99998212,-33.31432393,105.6187533,651489.8886,2789149.799,5171110.739,-3847824.111
2024,8,6,0,5,1.000016928,-33.27512594,105.6708599,651427.6027,2785303.31,5176126.846,-3843774.542
2024,8,6,0,5,2.000011504,-33.23590169,105.7229174,651365.2578,2781453.617,5181137.001,-3839720.541
2024,8,6,0,5,3.00000608,-33.19665123,105.7749256,651302.854,2777600.726,5186141.198,-3835662.114
2024,8,6,0,5,4.000000656,-33.15737461,105.8268847,651240.3915,2773744.641,5191139.431,-3831599.263
2024,8,6,0,5,4.999995232,-33.11807191,105.8787948,651177.8704,2769885.367,5196131.695,-3827531.995
2024,8,6,0,5,5.999989808,-33.07874316,105.9306558,651115.2908,2766022.907,5201117.984,-3823460.314
2024,8,6,0,5,6.999984384,-33.03938844,105.982468,651052.6527,2762157.267,5206098.291,-3819384.224
2024,8,6,0,5,8.000019193,-33.00000781,106.0342312,650989.9563,2758288.449,5211072.611,-3815303.73
2024,8,6,0,5,9.000013769,-32.9606013,106.0859458,650927.2018,2754416.46,5216040.938,-3811218.836
2024,8,6,0,5,10.00000834,-32.921169,106.1376118,650864.3892,2750541.303,5221003.266,-3807129.548
2024,8,6,0,5,11.00000292,-32.88171095,106.1892292,650801.5186,2746662.982,5225959.59,-3803035.869
2024,8,6,0,5,11.9999975,-32.8422272,106.2407982,650738.5901,2742781.503,5230909.903,-3798937.804
2024,8,6,0,5,12.99999207,-32.80271783,106.2923188,650675.6039,2738896.869,5235854.199,-3794835.358
2024,8,6,0,5,13.99998665,-32.76318288,106.3437911,650612.56,2735009.084,5240792.473,-3790728.536
2024,8,6,0,5,14.99998122,-32.72362241,106.3952152,650549.4586,2731118.154,5245724.719,-3786617.341
2024,8,6,0,5,16.00001603,-32.68403648,106.446591,650486.2998,2727224.082,5250650.931,-3782501.78
2024,8,6,0,5,17.00001061,-32.64442514,106.4979189,650423.0837,2723326.873,5255571.103,-3778381.856
2024,8,6,0,5,18.00000519,-32.60478845,106.5491989,650359.8104,2719426.532,5260485.23,-3774257.574
2024,8,6,0,5,18.99999976,-32.56512647,106.600431,650296.48,2715523.062,5265393.305,-3770128.938
2024,8,6,0,5,19.99999434,-32.52543926,106.6516154,650233.0926,2711616.468,5270295.324,-3765995.954
2024,8,6,0,5,20.99998891,-32.48572686,106.702752,650169.6484,2707706.755,5275191.279,-3761858.626
2024,8,6,0,5,21.99998349,-32.44598935,106.753841,650106.1474,2703793.927,5280081.165,-3757716.959
2024,8,6,0,5,23.0000183,-32.40622676,106.8048824,650042.5897,2699877.988,5284964.977,-3753570.957
2024,8,6,0,5,24.00001287,-32.36643916,106.8558765,649978.9755,2695958.943,5289842.708,-3749420.625
2024,8,6,0,5,25.00000745,-32.32662661,106.9068232,649915.3049,2692036.796,5294714.354,-3745265.967
2024,8,6,0,5,26.00000203,-32.28678916,106.9577227,649851.578,2688111.552,5299579.907,-3741106.989
2024,8,6,0,5,26.9999966,-32.24692686,107.0085749,649787.7949,2684183.215,5304439.363,-3736943.695
2024,8,6,0,5,27.99999118,-32.20703977,107.0593801,649723.9557,2680251.79,5309292.716,-3732776.089
2024,8,6,0,5,28.99998575,-32.16712796,107.1101383,649660.0605,2676317.28,5314139.959,-3728604.177
2024,8,6,0,5,29.99998033,-32.12719146,107.1608496,649596.1095,2672379.691,5318981.088,-3724427.964
2024,8,6,0,5,31.00001514,-32.08723034,107.2115138,649532.1026,2668439.027,5323816.096,-3720247.452
2024,8,6,0,5,32.00000972,-32.04724465,107.2621315,649468.0402,2664495.293,5328644.978,-3716062.649
2024,8,6,0,5,33.00000429,-32.00723445,107.3127025,649403.9222,2660548.492,5333467.728,-3711873.558
2024,8,6,0,5,33.99999887,-31.96719979,107.3632269,649339.7488,2656598.629,5338284.34,-3707680.183
2024,8,6,0,5,34.99999344,-31.92714073,107.4137049,649275.5201,2652645.709,5343094.809,-3703482.531
2024,8,6,0,5,35.99998802,-31.88705732,107.4641364,649211.2362,2648689.737,5347899.128,-3699280.605
2024,8,6,0,5,36.9999826,-31.84694962,107.5145216,649146.8972,2644730.716,5352697.293,-3695074.409
2024,8,6,0,5,38.0000174,-31.80681768,107.5648604,649082.5032,2640768.651,5357489.298,-3690863.95
2024,8,6,0,5,39.00001198,-31.76666155,107.6151532,649018.0544,2636803.547,5362275.136,-3686649.232
2024,8,6,0,5,40.00000656,-31.7264813,107.6653999,648953.5508,2632835.408,5367054.803,-3682430.259
2024,8,6,0,5,41.00000113,-31.68627696,107.7156007,648888.9926,2628864.238,5371828.292,-3678207.036
2024,8,6,0,5,41.99999571,-31.64604861,107.7657556,648824.3798,2624890.043,5376595.597,-3673979.568
2024,8,6,0,5,42.99999028,-31.60579629,107.8158646,648759.7127,2620912.826,5381356.715,-3669747.86
2024,8,6,0,5,43.99998486,-31.56552005,107.8659279,648694.9912,2616932.592,5386111.637,-3665511.916
2024,8,6,0,5,45.00001967,-31.52521995,107.9159455,648630.2155,2612949.346,5390860.36,-3661271.742
2024,8,6,0,5,46.00001425,-31.48489605,107.9659176,648565.3858,2608963.092,5395602.877,-3657027.341
2024,8,6,0,5,47.00000882,-31.44454839,108.0158443,648500.5021,2604973.835,5400339.183,-3652778.719
2024,8,6,0,5,48.0000034,-31.40417703,108.0657256,648435.5646,2600981.579,5405069.272,-3648525.881
2024,8,6,0,5,48.99999797,-31.36378202,108.1155615,648370.5733,2596986.328,5409793.138,-3644268.832
2024,8,6,0,5,49.99999255,-31.32336343,108.1653523,648305.5284,2592988.088,5414510.776,-3640007.575
2024,8,6,0,5,50.99998713,-31.28292129,108.215098,648240.4299,2588986.862,5419222.18,-3635742.117
2024,8,6,0,5,51.9999817,-31.24245566,108.2647986,648175.2781,2584982.656,5423927.346,-3631472.461
2024,8,6,0,5,53.00001651,-31.2019666,108.314454,648110.073,2580975.473,5428626.266,-3627198.613
2024,8,6,0,5,54.00001109,-31.16145416,108.3640648,648044.8147,2576965.319,5433318.936,-3622920.578
2024,8,6,0,5,55.00000566,-31.1209184,108.4136308,647979.5034,2572952.197,5438005.349,-3618638.359
2024,8,6,0,5,56.00000024,-31.08035935,108.4631521,647914.139,2568936.113,5442685.502,-3614351.963
2024,8,6,0,5,56.99999481,-31.03977708,108.5126287,647848.7219,2564917.07,5447359.387,-3610061.394
2024,8,6,0,5,57.99998939,-30.99917165,108.5620609,647783.252,2560895.074,5452026.999,-3605766.657
2024,8,6,0,5,58.99998397,-30.95854309,108.6114486,647717.7296,2556870.129,5456688.333,-3601467.757
2024,8,6,0,6,1.88E-05,-30.91789147,108.6607917,647652.1546,2552842.24,5461343.384,-3597164.697
2024,8,6,0,6,1.000013351,-30.87721683,108.7100908,647586.5272,2548811.411,5465992.145,-3592857.485
2024,8,6,0,6,2.000007927,-30.83651923,108.7593456,647520.8476,2544777.646,5470634.611,-3588546.123
2024,8,6,0,6,3.000002503,-30.79579873,108.8085564,647455.1158,2540740.951,5475270.777,-3584230.618
2024,8,6,0,6,3.999997079,-30.75505536,108.8577231,647389.332,2536701.33,5479900.637,-3579910.973
2024,8,6,0,6,4.999991655,-30.71428919,108.9068459,647323.4962,2532658.787,5484524.186,-3575587.195
2024,8,6,0,6,5.999986231,-30.67350026,108.9559248,647257.6086,2528613.327,5489141.418,-3571259.287
2024,8,6,0,6,6.999980807,-30.63268864,109.00496,647191.6693,2524564.954,5493752.328,-3566927.255
2024,8,6,0,6,8.000015616,-30.59185435,109.0539513,647125.6784,2520513.674,5498356.91,-3562591.103
2024,8,6,0,6,9.000010192,-30.55099747,109.1028992,647059.6361,2516459.49,5502955.159,-3558250.837
2024,8,6,0,6,10.00000477,-30.51011804,109.1518035,646993.5424,2512402.408,5507547.069,-3553906.461
2024,8,6,0,6,10.99999934,-30.46921612,109.2006645,646927.3974,2508342.431,5512132.635,-3549557.98
2024,8,6,0,6,11.99999392,-30.42829174,109.249482,646861.2013,2504279.566,5516711.851,-3545205.4
2024,8,6,0,6,12.9999885,-30.38734498,109.2982564,646794.9541,2500213.815,5521284.712,-3540848.724
2024,8,6,0,6,13.99998307,-30.34637586,109.3469875,646728.6561,2496145.184,5525851.212,-3536487.959
2024,8,6,0,6,15.00001788,-30.30538446,109.3956754,646662.3073,2492073.677,5530411.347,-3532123.108
2024,8,6,0,6,16.00001246,-30.2643708,109.4443205,646595.9078,2487999.3,5534965.11,-3527754.177
2024,8,6,0,6,17.00000703,-30.22333496,109.4929226,646529.4577,2483922.055,5539512.497,-3523381.171
2024,8,6,0,6,18.00000161,-30.18227698,109.5414819,646462.9571,2479841.949,5544053.501,-3519004.095
2024,8,6,0,6,18.99999619,-30.1411969,109.5899984,646396.4063,2475758.986,5548588.118,-3514622.953
2024,8,6,0,6,19.99999076,-30.10009478,109.6384723,646329.8052,2471673.171,5553116.342,-3510237.751
2024,8,6,0,6,20.99998534,-30.05897067,109.6869036,646263.154,2467584.507,5557638.167,-3505848.493
2024,8,6,0,6,21.99997991,-30.01782463,109.7352924,646196.4528,2463493,5562153.589,-3501455.185
2024,8,6,0,6,23.00001472,-29.97665669,109.7836385,646129.7017,2459398.654,5566662.601,-3497057.831
2024,8,6,0,6,24.0000093,-29.9354669,109.8319426,646062.9008,2455301.475,5571165.199,-3492656.437
2024,8,6,0,6,25.00000387,-29.89425533,109.8802043,645996.0503,2451201.466,5575661.377,-3488251.008
2024,8,6,0,6,25.99999845,-29.85302202,109.928424,645929.1503,2447098.632,5580151.13,-3483841.547
2024,8,6,0,6,26.99999303,-29.81176701,109.9766015,645862.2008,2442992.978,5584634.452,-3479428.062
2024,8,6,0,6,27.9999876,-29.77049037,110.024737,645795.2021,2438884.509,5589111.339,-3475010.555
2024,8,6,0,6,28.99998218,-29.72919213,110.0728306,645728.1541,2434773.229,5593581.784,-3470589.033
2024,8,6,0,6,30.00001699,-29.68787234,110.1208822,645661.057,2430659.143,5598045.782,-3466163.5
2024,8,6,0,6,31.00001156,-29.64653107,110.1688923,645593.911,2426542.255,5602503.329,-3461733.962
2024,8,6,0,6,32.00000614,-29.60516834,110.2168606,645526.7162,2422422.571,5606954.418,-3457300.423
2024,8,6,0,6,33.00000072,-29.56378423,110.2647874,645459.4726,2418300.094,5611399.045,-3452862.888
2024,8,6,0,6,33.99999529,-29.52237876,110.3126727,645392.1803,2414174.831,5615837.204,-3448421.363
2024,8,6,0,6,34.99998987,-29.480952,110.3605166,645324.8396,2410046.784,5620268.89,-3443975.853
2024,8,6,0,6,35.99998444,-29.43950399,110.4083192,645257.4505,2405915.959,5624694.098,-3439526.362
2024,8,6,0,6,37.00001925,-29.39803478,110.4560803,645190.0131,2401782.361,5629112.822,-3435072.895
2024,8,6,0,6,38.00001383,-29.35654442,110.5038005,645122.5275,2397645.994,5633525.057,-3430615.458
2024,8,6,0,6,39.0000084,-29.31503295,110.5514795,645054.9939,2393506.864,5637930.798,-3426154.055
2024,8,6,0,6,40.00000298,-29.27350043,110.5991176,644987.4124,2389364.974,5642330.039,-3421688.692
2024,8,6,0,6,40.99999756,-29.2319469,110.6467148,644919.7831,2385220.329,5646722.776,-3417219.374
2024,8,6,0,6,41.99999213,-29.19037242,110.6942711,644852.106,2381072.934,5651109.003,-3412746.106
2024,8,6,0,6,42.99998671,-29.14877703,110.7417867,644784.3814,2376922.794,5655488.714,-3408268.892
2024,8,6,0,6,43.99998128,-29.10716077,110.7892616,644716.6093,2372769.914,5659861.905,-3403787.738
2024,8,6,0,6,45.00001609,-29.0655237,110.8366958,644648.7898,2368614.298,5664228.571,-3399302.649
2024,8,6,0,6,46.00001067,-29.02386587,110.8840897,644580.9231,2364455.951,5668588.705,-3394813.631
2024,8,6,0,6,47.00000525,-28.98218731,110.9314431,644513.0093,2360294.877,5672942.304,-3390320.687
2024,8,6,0,6,47.99999982,-28.94048809,110.9787562,644445.0484,2356131.082,5677289.361,-3385823.824
2024,8,6,0,6,48.9999944,-28.89876824,111.0260291,644377.0407,2351964.57,5681629.872,-3381323.045
2024,8,6,0,6,49.99998897,-28.85702782,111.0732618,644308.9862,2347795.346,5685963.831,-3376818.357
2024,8,6,0,6,50.99998355,-28.81526687,111.1204544,644240.885,2343623.415,5690291.234,-3372309.765
2024,8,6,0,6,52.00001836,-28.77348545,111.1676068,644172.7373,2339448.78,5694612.074,-3367797.273
2024,8,6,0,6,53.00001293,-28.73168358,111.2147195,644104.5431,2335271.448,5698926.348,-3363280.887
2024,8,6,0,6,54.00000751,-28.68986134,111.2617924,644036.3027,2331091.422,5703234.049,-3358760.612
2024,8,6,0,6,55.00000209,-28.64801875,111.3088255,643968.016,2326908.709,5707535.172,-3354236.453
2024,8,6,0,6,55.99999666,-28.60615587,111.3558189,643899.6832,2322723.311,5711829.713,-3349708.414
2024,8,6,0,6,56.99999124,-28.56427275,111.4027728,643831.3045,2318535.234,5716117.666,-3345176.502
2024,8,6,0,6,57.99998581,-28.52236943,111.4496871,643762.8799,2314344.483,5720399.027,-3340640.721
2024,8,6,0,6,58.99998039,-28.48044596,111.4965621,643694.4096,2310151.063,5724673.789,-3336101.077
2024,8,6,0,7,1.52E-05,-28.43850238,111.5433975,643625.8937,2305954.978,5728941.948,-3331557.574
2024,8,6,0,7,1.000009775,-28.39653875,111.5901938,643557.3322,2301756.233,5733203.5,-3327010.218
2024,8,6,0,7,2.000004351,-28.3545551,111.636951,643488.7254,2297554.833,5737458.437,-3322459.014
2024,8,6,0,7,2.999998927,-28.31255149,111.683669,643420.0733,2293350.782,5741706.757,-3317903.967
2024,8,6,0,7,3.999993503,-28.27052796,111.7303481,643351.376,2289144.086,5745948.453,-3313345.082
2024,8,6,0,7,4.999988079,-28.22848456,111.7769882,643282.6337,2284934.749,5750183.52,-3308782.364
2024,8,6,0,7,5.999982655,-28.18642133,111.8235895,643213.8464,2280722.776,5754411.954,-3304215.819
2024,8,6,0,7,7.000017464,-28.14433832,111.8701518,643145.0144,2276508.172,5758633.749,-3299645.451
2024,8,6,0,7,8.00001204,-28.10223558,111.9166757,643076.1376,2272290.941,5762848.9,-3295071.267
2024,8,6,0,7,9.000006616,-28.06011315,111.9631609,643007.2163,2268071.088,5767057.403,-3290493.27
2024,8,6,0,7,10.00000119,-28.01797107,112.0096076,642938.2505,2263848.619,5771259.251,-3285911.467
2024,8,6,0,7,10.99999577,-27.9758094,112.0560159,642869.2404,2259623.537,5775454.441,-3281325.863
2024,8,6,0,7,11.99999034,-27.93362818,112.1023858,642800.186,2255395.848,5779642.967,-3276736.462
2024,8,6,0,7,12.99998492,-27.89142745,112.1487174,642731.0875,2251165.557,5783824.824,-3272143.269
2024,8,6,0,7,14.00001973,-27.84920726,112.1950107,642661.9451,2246932.668,5788000.007,-3267546.291
2024,8,6,0,7,15.00001431,-27.80696766,112.241266,642592.7587,2242697.186,5792168.511,-3262945.532
2024,8,6,0,7,16.00000888,-27.76470868,112.2874833,642523.5286,2238459.116,5796330.331,-3258340.998
2024,8,6,0,7,17.00000346,-27.72243039,112.3336627,642454.2548,2234218.463,5800485.462,-3253732.693
2024,8,6,0,7,17.99999803,-27.68013281,112.3798042,642384.9375,2229975.232,5804633.9,-3249120.623
2024,8,6,0,7,18.99999261,-27.637816,112.4259079,642315.5768,2225729.426,5808775.638,-3244504.794
2024,8,6,0,7,19.99998719,-27.59547999,112.4719738,642246.1728,2221481.052,5812910.672,-3239885.21
2024,8,6,0,7,20.99998176,-27.55312485,112.5180022,642176.7256,2217230.114,5817038.998,-3235261.876
2024,8,6,0,7,22.00001657,-27.5107506,112.5639929,642107.2353,2212976.617,5821160.61,-3230634.798
2024,8,6,0,7,23.00001115,-27.4683573,112.6099462,642037.7021,2208720.566,5825275.503,-3226003.982
2024,8,6,0,7,24.00000572,-27.42594499,112.6558622,641968.126,2204461.965,5829383.673,-3221369.432
2024,8,6,0,7,25.0000003,-27.38351371,112.7017409,641898.5073,2200200.82,5833485.114,-3216731.153
2024,8,6,0,7,25.99999487,-27.34106352,112.7475823,641828.8459,2195937.135,5837579.821,-3212089.151
2024,8,6,0,7,26.99998945,-27.29859444,112.7933866,641759.1421,2191670.915,5841667.79,-3207443.432
2024,8,6,0,7,27.99998403,-27.25610653,112.8391539,641689.3958,2187402.165,5845749.016,-3202794
2024,8,6,0,7,29.00001884,-27.21359983,112.884884,641619.6074,2183130.889,5849823.493,-3198140.86
2024,8,6,0,7,30.00001341,-27.17107439,112.9305774,641549.7768,2178857.094,5853891.218,-3193484.019
2024,8,6,0,7,31.00000799,-27.12853025,112.9762339,641479.9042,2174580.783,5857952.184,-3188823.481
2024,8,6,0,7,32.00000256,-27.08596745,113.0218537,641409.9897,2170301.961,5862006.387,-3184159.251
2024,8,6,0,7,32.99999714,-27.04338604,113.0674369,641340.0334,2166020.634,5866053.823,-3179491.336
2024,8,6,0,7,33.99999171,-27.00078606,113.1129835,641270.0354,2161736.805,5870094.486,-3174819.739
2024,8,6,0,7,34.99998629,-26.95816755,113.1584936,641199.9959,2157450.481,5874128.371,-3170144.467
2024,8,6,0,7,35.99998087,-26.91553056,113.2039673,641129.915,2153161.666,5878155.474,-3165465.525
2024,8,6,0,7,37.00001568,-26.87287514,113.2494044,641059.7927,2148870.364,5882175.79,-3160782.918
2024,8,6,0,7,38.00001025,-26.83020132,113.2948055,640989.6293,2144576.581,5886189.313,-3156096.651
2024,8,6,0,7,39.00000483,-26.78750915,113.3401704,640919.4248,2140280.322,5890196.04,-3151406.73
2024,8,6,0,7,39.9999994,-26.74479867,113.3854992,640849.1793,2135981.591,5894195.965,-3146713.16
2024,8,6,0,7,40.99999398,-26.70206993,113.430792,640778.893,2131680.393,5898189.084,-3142015.946
2024,8,6,0,7,41.99998856,-26.65932296,113.4760489,640708.5659,2127376.734,5902175.391,-3137315.094
2024,8,6,0,7,42.99998313,-26.61655782,113.5212699,640638.1982,2123070.617,5906154.883,-3132610.609
2024,8,6,0,7,44.00001794,-26.57377454,113.5664549,640567.7901,2118762.049,5910127.553,-3127902.496
2024,8,6,0,7,45.00001252,-26.53097317,113.6116045,640497.3415,2114451.033,5914093.398,-3123190.761
2024,8,6,0,7,46.00000709,-26.48815375,113.6567184,640426.8527,2110137.576,5918052.412,-3118475.41
2024,8,6,0,7,47.00000167,-26.44531632,113.7017967,640356.3238,2105821.681,5922004.591,-3113756.446
2024,8,6,0,7,47.99999624,-26.40246093,113.7468396,640285.7548,2101503.354,5925949.93,-3109033.877
2024,8,6,0,7,48.99999082,-26.35958762,113.7918472,640215.146,2097182.599,5929888.424,-3104307.706
2024,8,6,0,7,49.9999854,-26.31669643,113.8368194,640144.4973,2092859.422,5933820.068,-3099577.94
2024,8,6,0,7,50.99997997,-26.2737874,113.8817564,640073.809,2088533.827,5937744.859,-3094844.584
2024,8,6,0,7,52.00001478,-26.23086057,113.9266581,640003.0811,2084205.82,5941662.79,-3090107.644
2024,8,6,0,7,53.00000936,-26.187916,113.9715249,639932.3137,2079875.405,5945573.858,-3085367.124
2024,8,6,0,7,54.00000393,-26.14495371,114.0163567,639861.5071,2075542.587,5949478.057,-3080623.03
2024,8,6,0,7,54.99999851,-26.10197376,114.0611536,639790.6613,2071207.371,5953375.384,-3075875.367
2024,8,6,0,7,55.99999309,-26.05897618,114.1059157,639719.7763,2066869.762,5957265.832,-3071124.142
2024,8,6,0,7,56.99998766,-26.01596102,114.150643,639648.8524,2062529.765,5961149.398,-3066369.358
2024,8,6,0,7,57.99998224,-25.97292832,114.1953356,639577.8897,2058187.386,5965026.077,-3061611.022
2024,8,6,0,7,59.00001705,-25.92987812,114.2399935,639506.8882,2053842.628,5968895.863,-3056849.139
2024,8,6,0,8,1.16E-05,-25.88681046,114.2846171,639435.8481,2049495.497,5972758.754,-3052083.715
2024,8,6,0,8,1.000006199,-25.84372538,114.3292062,639364.7695,2045145.998,5976614.743,-3047314.755
2024,8,6,0,8,2.000000775,-25.80062293,114.373761,639293.6526,2040794.135,5980463.826,-3042542.264
2024,8,6,0,8,2.999995351,-25.75750314,114.4182814,639222.4974,2036439.915,5984305.999,-3037766.247
2024,8,6,0,8,3.999989927,-25.71436607,114.4627677,639151.304,2032083.341,5988141.256,-3032986.711
2024,8,6,0,8,4.999984503,-25.67121174,114.5072199,639080.0726,2027724.418,5991969.594,-3028203.66
2024,8,6,0,8,6.000019312,-25.6280402,114.5516379,639008.8033,2023363.153,5995791.007,-3023417.101
2024,8,6,0,8,7.000013888,-25.5848515,114.596022,638937.4962,2018999.549,5999605.491,-3018627.038
2024,8,6,0,8,8.000008464,-25.54164567,114.6403723,638866.1515,2014633.611,6003413.042,-3013833.476
2024,8,6,0,8,9.00000304,-25.49842275,114.6846887,638794.7692,2010265.345,6007213.654,-3009036.423
2024,8,6,0,8,9.999997616,-25.45518279,114.7289715,638723.3494,2005894.756,6011007.324,-3004235.882
2024,8,6,0,8,10.99999219,-25.41192583,114.7732206,638651.8924,2001521.848,6014794.046,-2999431.859
2024,8,6,0,8,11.99998677,-25.3686519,114.8174361,638580.3981,1997146.626,6018573.816,-2994624.36
2024,8,6,0,8,12.99998134,-25.32536105,114.8616181,638508.8668,1992769.097,6022346.629,-2989813.39
2024,8,6,0,8,14.00001615,-25.28205332,114.9057665,638437.2985,1988389.263,6026112.482,-2984998.955
2024,8,6,0,8,15.00001073,-25.23872875,114.9498817,638365.6933,1984007.131,6029871.368,-2980181.061
2024,8,6,0,8,16.0000053,-25.19538738,114.9939637,638294.0514,1979622.706,6033623.285,-2975359.711
2024,8,6,0,8,16.99999988,-25.15202925,115.0380125,638222.373,1975235.992,6037368.226,-2970534.913
2024,8,6,0,8,17.99999446,-25.1086544,115.0820282,638150.658,1970846.994,6041106.188,-2965706.672
2024,8,6,0,8,18.99998903,-25.06526287,115.1260108,638078.9066,1966455.718,6044837.167,-2960874.993
2024,8,6,0,8,19.99998361,-25.0218547,115.1699605,638007.119,1962062.169,6048561.157,-2956039.881
2024,8,6,0,8,21.00001842,-24.97842994,115.2138772,637935.2953,1957666.351,6052278.154,-2951201.343
2024,8,6,0,8,22.00001299,-24.93498861,115.2577612,637863.4356,1953268.269,6055988.154,-2946359.383
2024,8,6,0,8,23.00000757,-24.89153077,115.3016125,637791.5399,1948867.929,6059691.151,-2941514.007
2024,8,6,0,8,24.00000215,-24.84805645,115.3454311,637719.6085,1944465.336,6063387.143,-2936665.222
2024,8,6,0,8,24.99999672,-24.80456569,115.3892172,637647.6414,1940060.494,6067076.123,-2931813.031
2024,8,6,0,8,25.9999913,-24.76105853,115.4329708,637575.6387,1935653.409,6070758.089,-2926957.441
2024,8,6,0,8,26.99998587,-24.71753502,115.4766919,637503.6007,1931244.085,6074433.034,-2922098.457
2024,8,6,0,8,27.99998045,-24.67399519,115.5203807,637431.5273,1926832.528,6078100.955,-2917236.085
2024,8,6,0,8,29.00001526,-24.63043907,115.5640371,637359.4188,1922418.743,6081761.848,-2912370.33
2024,8,6,0,8,30.00000983,-24.58686672,115.6076615,637287.2751,1918002.735,6085415.707,-2907501.198
2024,8,6,0,8,31.00000441,-24.54327817,115.6512537,637215.0965,1913584.508,6089062.529,-2902628.695
2024,8,6,0,8,31.99999899,-24.49967345,115.694814,637142.8831,1909164.068,6092702.309,-2897752.826
2024,8,6,0,8,32.99999356,-24.45605262,115.7383422,637070.635,1904741.42,6096335.042,-2892873.596
2024,8,6,0,8,33.99998814,-24.4124157,115.7818386,636998.3523,1900316.569,6099960.725,-2887991.011
2024,8,6,0,8,34.99998271,-24.36876274,115.8253032,636926.035,1895889.52,6103579.352,-2883105.076
2024,8,6,0,8,36.00001752,-24.32509377,115.8687359,636853.6835,1891460.278,6107190.92,-2878215.798
2024,8,6,0,8,37.0000121,-24.28140884,115.9121371,636781.2977,1887028.848,6110795.424,-2873323.182
2024,8,6,0,8,38.00000668,-24.23770799,115.9555067,636708.8777,1882595.236,6114392.859,-2868427.233
2024,8,6,0,8,39.00000125,-24.19399125,115.9988448,636636.4238,1878159.445,6117983.222,-2863527.957
2024,8,6,0,8,39.99999583,-24.15025866,116.0421515,636563.936,1873721.482,6121566.507,-2858625.36
2024,8,6,0,8,40.9999904,-24.10651026,116.0854268,636491.4144,1869281.351,6125142.711,-2853719.446
2024,8,6,0,8,41.99998498,-24.06274609,116.1286709,636418.8591,1864839.058,6128711.829,-2848810.223
2024,8,6,0,8,43.00001979,-24.0189662,116.1718836,636346.2704,1860394.607,6132273.857,-2843897.694
2024,8,6,0,8,44.00001436,-23.9751706,116.2150653,636273.6482,1855948.003,6135828.791,-2838981.867
2024,8,6,0,8,45.00000894,-23.93135936,116.258216,636200.9927,1851499.253,6139376.626,-2834062.745
2024,8,6,0,8,46.00000352,-23.88753249,116.3013357,636128.304,1847048.36,6142917.357,-2829140.336
2024,8,6,0,8,46.99999809,-23.84369005,116.3444246,636055.5823,1842595.329,6146450.981,-2824214.645
2024,8,6,0,8,47.99999267,-23.79983207,116.3874826,635982.8277,1838140.167,6149977.493,-2819285.677
2024,8,6,0,8,48.99998724,-23.75595859,116.4305098,635910.0402,1833682.878,6153496.89,-2814353.438
2024,8,6,0,8,49.99998182,-23.71206965,116.4735064,635837.2201,1829223.467,6157009.166,-2809417.934
2024,8,6,0,8,51.00001663,-23.66816528,116.5164722,635764.3673,1824761.939,6160514.317,-2804479.169
2024,8,6,0,8,52.00001121,-23.62424553,116.5594077,635691.4821,1820298.299,6164012.34,-2799537.151
2024,8,6,0,8,53.00000578,-23.58031042,116.6023127,635618.5646,1815832.553,6167503.229,-2794591.884
2024,8,6,0,8,54.00000036,-23.53636001,116.6451874,635545.6148,1811364.705,6170986.981,-2789643.374
2024,8,6,0,8,54.99999493,-23.49239432,116.6880317,635472.6329,1806894.761,6174463.591,-2784691.627
2024,8,6,0,8,55.99998951,-23.4484134,116.7308458,635399.619,1802422.726,6177933.056,-2779736.648
2024,8,6,0,8,56.99998409,-23.40441729,116.7736298,635326.5733,1797948.604,6181395.37,-2774778.444
2024,8,6,0,8,58.00001889,-23.36040601,116.8163836,635253.4958,1793472.402,6184850.53,-2769817.019
2024,8,6,0,8,59.00001347,-23.31637961,116.8591075,635180.3867,1788994.123,6188298.532,-2764852.379
2024,8,6,0,9,8.05E-06,-23.27233813,116.9018014,635107.246,1784513.774,6191739.371,-2759884.53
2024,8,6,0,9,1.000002623,-23.22828159,116.9444656,635034.074,1780031.359,6195173.042,-2754913.479
2024,8,6,0,9,1.999997199,-23.18421006,116.9870999,634960.8707,1775546.883,6198599.543,-2749939.229
2024,8,6,0,9,2.999991775,-23.14012354,117.0297046,634887.6362,1771060.352,6202018.868,-2744961.788
2024,8,6,0,9,3.999986351,-23.0960221,117.0722796,634814.3707,1766571.771,6205431.014,-2739981.16
2024,8,6,0,9,4.999980927,-23.05190575,117.1148251,634741.0743,1762081.144,6208835.977,-2734997.352
2024,8,6,0,9,6.000015736,-23.00777455,117.1573409,634667.7471,1757588.477,6212233.751,-2730010.368
2024,8,6,0,9,7.000010312,-22.96362852,117.1998275,634594.3892,1753093.776,6215624.334,-2725020.216
2024,8,6,0,9,8.000004888,-22.91946771,117.2422848,634521.0007,1748597.045,6219007.72,-2720026.9
2024,8,6,0,9,8.999999464,-22.87529215,117.2847128,634447.5818,1744098.289,6222383.906,-2715030.426
2024,8,6,0,9,9.99999404,-22.83110187,117.3271116,634374.1326,1739597.514,6225752.888,-2710030.801
2024,8,6,0,9,10.99998862,-22.78689692,117.3694813,634300.6531,1735094.724,6229114.661,-2705028.028
2024,8,6,0,9,11.99998319,-22.74267733,117.411822,634227.1436,1730589.925,6232469.222,-2700022.115
2024,8,6,0,9,13.000018,-22.69844314,117.4541336,634153.6041,1726083.123,6235816.566,-2695013.068
2024,8,6,0,9,14.00001258,-22.65419439,117.4964164,634080.0347,1721574.321,6239156.689,-2690000.89
2024,8,6,0,9,15.00000715,-22.6099311,117.5386704,634006.4357,1717063.526,6242489.588,-2684985.59
2024,8,6,0,9,16.00000173,-22.56565333,117.5808957,633932.807,1712550.742,6245815.257,-2679967.171
2024,8,6,0,9,16.9999963,-22.52136109,117.6230923,633859.1488,1708035.975,6249133.693,-2674945.641
2024,8,6,0,9,17.99999088,-22.47705444,117.6652603,633785.4612,1703519.23,6252444.893,-2669921.004
2024,8,6,0,9,18.99998546,-22.43273341,117.7073997,633711.7444,1699000.511,6255748.851,-2664893.267
2024,8,6,0,9,19.99998003,-22.38839803,117.7495108,633637.9984,1694479.825,6259045.564,-2659862.435
2024,8,6,0,9,21.00001484,-22.34404834,117.7915932,633564.2235,1689957.176,6262335.027,-2654828.513
2024,8,6,0,9,22.00000942,-22.29968438,117.8336476,633490.4196,1685432.57,6265617.238,-2649791.509
2024,8,6,0,9,23.00000399,-22.25530617,117.8756737,633416.5869,1680906.011,6268892.191,-2644751.426
2024,8,6,0,9,23.99999857,-22.21091377,117.9176717,633342.7256,1676377.506,6272159.883,-2639708.272
2024,8,6,0,9,24.99999315,-22.1665072,117.9596415,633268.8358,1671847.058,6275420.31,-2634662.052
2024,8,6,0,9,25.99998772,-22.1220865,118.0015834,633194.9175,1667314.674,6278673.467,-2629612.772
2024,8,6,0,9,26.9999823,-22.07765171,118.0434973,633120.9709,1662780.358,6281919.351,-2624560.437
2024,8,6,0,9,28.00001711,-22.03320285,118.0853832,633046.9961,1658244.115,6285157.958,-2619505.053
2024,8,6,0,9,29.00001168,-21.98873998,118.1272414,632972.9933,1653705.952,6288389.283,-2614446.627
2024,8,6,0,9,30.00000626,-21.94426312,118.169072,632898.9625,1649165.872,6291613.324,-2609385.163
2024,8,6,0,9,31.00000083,-21.89977231,118.2108748,632824.9038,1644623.882,6294830.075,-2604320.668
2024,8,6,0,9,31.99999541,-21.85526758,118.2526501,632750.8175,1640079.986,6298039.533,-2599253.147
2024,8,6,0,9,32.99998999,-21.81074897,118.2943979,632676.7036,1635534.19,6301241.694,-2594182.606
2024,8,6,0,9,33.99998456,-21.76621652,118.3361183,632602.5622,1630986.499,6304436.554,-2589109.052
2024,8,6,0,9,35.00001937,-21.72167026,118.3778111,632528.3934,1626436.918,6307624.109,-2584032.489
2024,8,6,0,9,36.00001395,-21.67711022,118.4194768,632454.1974,1621885.452,6310804.355,-2578952.924
2024,8,6,0,9,37.00000852,-21.63253645,118.4611153,632379.9743,1617332.106,6313977.289,-2573870.362
2024,8,6,0,9,38.0000031,-21.58794897,118.5027266,632305.7242,1612776.886,6317142.906,-2568784.809
2024,8,6,0,9,38.99999768,-21.54334783,118.5443109,632231.4472,1608219.798,6320301.202,-2563696.272
2024,8,6,0,9,39.99999225,-21.49873305,118.5858681,632157.1434,1603660.845,6323452.174,-2558604.755
2024,8,6,0,9,40.99998683,-21.45410468,118.6273984,632082.813,1599100.034,6326595.818,-2553510.265
2024,8,6,0,9,41.9999814,-21.40946274,118.6689019,632008.4561,1594537.369,6329732.129,-2548412.807
2024,8,6,0,9,43.00001621,-21.36480727,118.7103784,631934.0728,1589972.856,6332861.105,-2543312.388
2024,8,6,0,9,44.00001079,-21.32013831,118.7518283,631859.6632,1585406.5,6335982.74,-2538209.013
2024,8,6,0,9,45.00000536,-21.2754559,118.7932516,631785.2274,1580838.307,6339097.032,-2533102.688
2024,8,6,0,9,45.99999994,-21.23076006,118.8346484,631710.7655,1576268.281,6342203.977,-2527993.419
2024,8,6,0,9,46.99999452,-21.18605083,118.8760186,631636.2778,1571696.428,6345303.57,-2522881.212
2024,8,6,0,9,47.99998909,-21.14132825,118.9173624,631561.7642,1567122.753,6348395.807,-2517766.072
2024,8,6,0,9,48.99998367,-21.09659234,118.9586798,631487.2249,1562547.261,6351480.686,-2512648.005
2024,8,6,0,9,50.00001848,-21.05184316,118.9999708,631412.6601,1557969.958,6354558.202,-2507527.018
2024,8,6,0,9,51.00001305,-21.00708072,119.0412357,631338.0698,1553390.849,6357628.351,-2502403.116
2024,8,6,0,9,52.00000763,-20.96230507,119.0824745,631263.4541,1548809.938,6360691.13,-2497276.305
2024,8,6,0,9,53.00000221,-20.91751623,119.1236871,631188.8133,1544227.232,6363746.535,-2492146.591
2024,8,6,0,9,53.99999678,-20.87271425,119.1648738,631114.1473,1539642.735,6366794.562,-2487013.979
2024,8,6,0,9,54.99999136,-20.82789916,119.2060346,631039.4563,1535056.454,6369835.207,-2481878.476
2024,8,6,0,9,55.99998593,-20.78307099,119.2471694,630964.7405,1530468.392,6372868.467,-2476740.088
2024,8,6,0,9,56.99998051,-20.73822977,119.2882785,630890,1525878.555,6375894.338,-2471598.82
2024,8,6,0,9,58.00001532,-20.69337554,119.3293617,630815.2348,1521286.95,6378912.815,-2466454.678
2024,8,6,0,9,59.00000989,-20.64850834,119.3704194,630740.4451,1516693.58,6381923.896,-2461307.669
2024,8,6,0,10,4.47E-06,-20.60362819,119.4114515,630665.631,1512098.451,6384927.577,-2456157.798
2024,8,6,0,10,0.999999046,-20.55873514,119.4524581,630590.7927,1507501.569,6387923.853,-2451005.07
2024,8,6,0,10,1.999993622,-20.51382921,119.4934393,630515.9302,1502902.938,6390912.722,-2445849.492
2024,8,6,0,10,2.999988198,-20.46891045,119.534395,630441.0436,1498302.564,6393894.179,-2440691.071
2024,8,6,0,10,3.999982774,-20.42397887,119.5753255,630366.1332,1493700.453,6396868.221,-2435529.81
2024,8,6,0,10,5.000017583,-20.37903452,119.6162306,630291.1989,1489096.609,6399834.844,-2430365.718
2024,8,6,0,10,6.000012159,-20.33407744,119.6571106,630216.241,1484491.038,6402794.045,-2425198.799
2024,8,6,0,10,7.000006735,-20.28910765,119.6979656,630141.2595,1479883.745,6405745.819,-2420029.059
2024,8,6,0,10,8.000001311,-20.24412518,119.7387956,630066.2545,1475274.735,6408690.164,-2414856.505
2024,8,6,0,10,8.999995887,-20.19913008,119.7796005,629991.2263,1470664.014,6411627.075,-2409681.142
2024,8,6,0,10,9.999990463,-20.15412237,119.8203807,629916.1748,1466051.587,6414556.549,-2404502.976
2024,8,6,0,10,10.99998504,-20.10910209,119.8611359,629841.1002,1461437.459,6417478.582,-2399322.013
2024,8,6,0,10,12.00001985,-20.06406928,119.9018663,629766.0027,1456821.636,6420393.171,-2394138.26
2024,8,6,0,10,13.00001442,-20.01902395,119.9425722,629690.8823,1452204.123,6423300.312,-2388951.721
2024,8,6,0,10,14.000009,-19.97396616,119.9832534,629615.7392,1447584.925,6426200.001,-2383762.404
2024,8,6,0,10,15.00000358,-19.92889593,120.0239102,629540.5735,1442964.047,6429092.235,-2378570.313
2024,8,6,0,10,15.99999815,-19.88381329,120.0645424,629465.3853,1438341.496,6431977.01,-2373375.455
2024,8,6,0,10,16.99999273,-19.83871829,120.1051502,629390.1747,1433717.275,6434854.323,-2368177.836
2024,8,6,0,10,17.9999873,-19.79361094,120.1457338,629314.9418,1429091.391,6437724.17,-2362977.462
2024,8,6,0,10,18.99998188,-19.74849129,120.186293,629239.6868,1424463.848,6440586.548,-2357774.339
2024,8,6,0,10,20.00001669,-19.70335936,120.2268279,629164.4098,1419834.653,6443441.452,-2352568.472
2024,8,6,0,10,21.00001127,-19.6582152,120.2673388,629089.1109,1415203.81,6446288.88,-2347359.868
2024,8,6,0,10,22.00000584,-19.61305882,120.3078257,629013.7902,1410571.325,6449128.828,-2342148.533
2024,8,6,0,10,23.00000042,-19.56789028,120.3482886,628938.4478,1405937.202,6451961.292,-2336934.472
2024,8,6,0,10,23.99999499,-19.52270959,120.3887276,628863.0838,1401301.449,6454786.269,-2331717.692
2024,8,6,0,10,24.99998957,-19.47751679,120.4291427,628787.6985,1396664.068,6457603.755,-2326498.199
2024,8,6,0,10,25.99998415,-19.43231192,120.469534,628712.2918,1392025.067,6460413.747,-2321275.998
2024,8,6,0,10,27.00001895,-19.38709501,120.5099015,628636.8639,1387384.45,6463216.241,-2316051.096
2024,8,6,0,10,28.00001353,-19.34186608,120.5502454,628561.4149,1382742.223,6466011.234,-2310823.499
2024,8,6,0,10,29.00000811,-19.29662517,120.5905658,628485.945,1378098.391,6468798.723,-2305593.212
2024,8,6,0,10,30.00000268,-19.25137232,120.6308627,628410.4542,1373452.959,6471578.703,-2300360.241
2024,8,6,0,10,30.99999726,-19.20610756,120.6711362,628334.9427,1368805.933,6474351.172,-2295124.593
2024,8,6,0,10,31.99999183,-19.16083092,120.7113863,628259.4106,1364157.318,6477116.126,-2289886.274
2024,8,6,0,10,32.99998641,-19.11554242,120.7516131,628183.858,1359507.119,6479873.561,-2284645.29
2024,8,6,0,10,33.99998099,-19.07024211,120.7918166,628108.2851,1354855.342,6482623.474,-2279401.646
2024,8,6,0,10,35.0000158,-19.02493002,120.8319968,628032.6918,1350201.992,6485365.862,-2274155.349
2024,8,6,0,10,36.00001037,-18.97960617,120.8721541,627957.0785,1345547.074,6488100.722,-2268906.404
2024,8,6,0,10,37.00000495,-18.93427061,120.9122883,627881.4451,1340890.595,6490828.049,-2263654.818
2024,8,6,0,10,37.99999952,-18.88892336,120.9523996,627805.7918,1336232.558,6493547.84,-2258400.597
2024,8,6,0,10,38.9999941,-18.84356445,120.992488,627730.1188,1331572.97,6496260.093,-2253143.747
2024,8,6,0,10,39.99998868,-18.79819392,121.0325536,627654.4261,1326911.836,6498964.803,-2247884.273
2024,8,6,0,10,40.99998325,-18.75281179,121.0725963,627578.7138,1322249.161,6501661.967,-2242622.183
2024,8,6,0,10,42.00001806,-18.70741811,121.1126163,627502.9821,1317584.951,6504351.583,-2237357.481
2024,8,6,0,10,43.00001264,-18.6620129,121.1526138,627427.2311,1312919.211,6507033.645,-2232090.174
2024,8,6,0,10,44.00000721,-18.61659619,121.1925887,627351.4609,1308251.946,6509708.152,-2226820.268
2024,8,6,0,10,45.00000179,-18.57116802,121.2325411,627275.6716,1303583.161,6512375.1,-2221547.769
2024,8,6,0,10,45.99999636,-18.52572842,121.2724711,627199.8633,1298912.863,6515034.486,-2216272.684
2024,8,6,0,10,46.99999094,-18.48027741,121.3123787,627124.0362,1294241.056,6517686.305,-2210995.017
2024,8,6,0,10,47.99998552,-18.43481504,121.3522641,627048.1904,1289567.746,6520330.556,-2205714.776
2024,8,6,0,10,48.99998009,-18.38934133,121.3921272,626972.326,1284892.939,6522967.233,-2200431.966
2024,8,6,0,10,50.0000149,-18.34385631,121.431968,626896.4431,1280216.639,6525596.336,-2195146.593
2024,8,6,0,10,51.00000948,-18.29836002,121.4717869,626820.5418,1275538.851,6528217.859,-2189858.664
2024,8,6,0,10,52.00000405,-18.25285249,121.5115838,626744.6223,1270859.583,6530831.8,-2184568.184
2024,8,6,0,10,52.99999863,-18.20733374,121.5513587,626668.6846,1266178.838,6533438.155,-2179275.16
2024,8,6,0,10,53.99999321,-18.16180381,121.5911117,626592.7289,1261496.622,6536036.921,-2173979.598
2024,8,6,0,10,54.99998778,-18.11626274,121.6308429,626516.7553,1256812.941,6538628.095,-2168681.503
2024,8,6,0,10,55.99998236,-18.07071054,121.6705524,626440.7639,1252127.799,6541211.674,-2163380.882
2024,8,6,0,10,57.00001717,-18.02514726,121.71024,626364.7549,1247441.203,6543787.654,-2158077.742
2024,8,6,0,10,58.00001174,-17.97957293,121.7499061,626288.7283,1242753.158,6546356.033,-2152772.087
2024,8,6,0,10,59.00000632,-17.93398757,121.7895507,626212.6842,1238063.669,6548916.806,-2147463.924
2024,8,6,0,11,8.94E-07,-17.88839122,121.8291738,626136.6229,1233372.741,6551469.971,-2142153.26
2024,8,6,0,11,0.99999547,-17.84278391,121.8687755,626060.5443,1228680.38,6554015.524,-2136840.1
2024,8,6,0,11,1.999990046,-17.79716566,121.9083558,625984.4487,1223986.592,6556553.463,-2131524.451
2024,8,6,0,11,2.999984622,-17.75153652,121.9479148,625908.3361,1219291.381,6559083.784,-2126206.318
2024,8,6,0,11,4.000019431,-17.7058965,121.9874525,625832.2066,1214594.754,6561606.484,-2120885.707
2024,8,6,0,11,5.000014007,-17.66024565,122.0269691,625756.0604,1209896.715,6564121.559,-2115562.626
2024,8,6,0,11,6.000008583,-17.61458399,122.0664647,625679.8976,1205197.27,6566629.008,-2110237.08
2024,8,6,0,11,7.000003159,-17.56891156,122.1059392,625603.7183,1200496.425,6569128.825,-2104909.074
2024,8,6,0,11,7.999997735,-17.52322837,122.1453928,625527.5227,1195794.184,6571621.009,-2099578.616
2024,8,6,0,11,8.999992311,-17.47753448,122.1848254,625451.3107,1191090.553,6574105.556,-2094245.711
2024,8,6,0,11,9.999986887,-17.4318299,122.2242373,625375.0826,1186385.539,6576582.463,-2088910.366
2024,8,6,0,11,10.99998146,-17.38611466,122.2636284,625298.8385,1181679.145,6579051.727,-2083572.586
2024,8,6,0,11,12.00001627,-17.34038881,122.3029986,625222.5785,1176971.378,6581513.345,-2078232.378
2024,8,6,0,11,13.00001085,-17.29465236,122.3423483,625146.3026,1172262.243,6583967.313,-2072889.748
2024,8,6,0,11,14.00000542,-17.24890534,122.3816775,625070.0111,1167551.745,6586413.629,-2067544.702
2024,8,6,0,11,15,-17.2031478,122.4209862,624993.7041,1162839.89,6588852.29,-2062197.246
2024,8,6,0,11,15.99999458,-17.15737975,122.4602745,624917.3815,1158126.683,6591283.292,-2056847.387
2024,8,6,0,11,16.99998915,-17.11160124,122.4995424,624841.0437,1153412.13,6593706.632,-2051495.13
2024,8,6,0,11,17.99998373,-17.06581228,122.53879,624764.6906,1148696.236,6596122.308,-2046140.482
2024,8,6,0,11,19.00001854,-17.02001292,122.5780171,624688.3225,1143979.006,6598530.316,-2040783.449
2024,8,6,0,11,20.00001311,-16.97420317,122.6172243,624611.9393,1139260.447,6600930.653,-2035424.036
2024,8,6,0,11,21.00000769,-16.92838307,122.6564114,624535.5413,1134540.563,6603323.316,-2030062.251
2024,8,6,0,11,22.00000226,-16.88255266,122.6955784,624459.1286,1129819.36,6605708.302,-2024698.099
2024,8,6,0,11,22.99999684,-16.83671195,122.7347254,624382.7012,1125096.843,6608085.609,-2019331.587
2024,8,6,0,11,23.99999142,-16.79086099,122.7738526,624306.2593,1120373.018,6610455.233,-2013962.721
2024,8,6,0,11,24.99998599,-16.74499979,122.8129599,624229.803,1115647.89,6612817.17,-2008591.506
2024,8,6,0,11,25.99998057,-16.6991284,122.8520474,624153.3324,1110921.465,6615171.419,-2003217.949
2024,8,6,0,11,27.00001538,-16.65324684,122.891115,624076.8477,1106193.748,6617517.976,-1997842.057
2024,8,6,0,11,28.00000995,-16.60735514,122.9301631,624000.3489,1101464.744,6619856.838,-1992463.835
2024,8,6,0,11,29.00000453,-16.56145333,122.9691916,623923.8362,1096734.46,6622188.003,-1987083.29
2024,8,6,0,11,29.99999911,-16.51554144,123.0082007,623847.3096,1092002.9,6624511.466,-1981700.428
2024,8,6,0,11,30.99999368,-16.4696195,123.0471902,623770.7694,1087270.07,6626827.226,-1976315.255
2024,8,6,0,11,31.99998826,-16.42368754,123.0861604,623694.2156,1082535.976,6629135.279,-1970927.777
2024,8,6,0,11,32.99998283,-16.37774559,123.1251112,623617.6483,1077800.622,6631435.623,-1965538.001
2024,8,6,0,11,34.00001764,-16.33179368,123.1640426,623541.0676,1073064.015,6633728.254,-1960145.932
2024,8,6,0,11,35.00001222,-16.28583184,123.202955,623464.4737,1068326.16,6636013.17,-1954751.577
2024,8,6,0,11,36.00000679,-16.23986009,123.2418482,623387.8667,1063587.062,6638290.368,-1949354.943
2024,8,6,0,11,37.00000137,-16.19387848,123.2807223,623311.2467,1058846.727,6640559.844,-1943956.035
2024,8,6,0,11,37.99999595,-16.14788702,123.3195775,623234.6138,1054105.16,6642821.596,-1938554.859
2024,8,6,0,11,38.99999052,-16.10188575,123.3584137,623157.9682,1049362.366,6645075.621,-1933151.422
2024,8,6,0,11,39.9999851,-16.0558747,123.397231,623081.3098,1044618.352,6647321.917,-1927745.73
2024,8,6,0,11,41.00001991,-16.0098539,123.4360293,623004.639,1039873.123,6649560.479,-1922337.79
2024,8,6,0,11,42.00001448,-15.96382337,123.474809,622927.9557,1035126.684,6651791.306,-1916927.607
2024,8,6,0,11,43.00000906,-15.91778314,123.5135701,622851.2601,1030379.04,6654014.395,-1911515.187
2024,8,6,0,11,44.00000364,-15.87173325,123.5523125,622774.5523,1025630.198,6656229.743,-1906100.538
2024,8,6,0,11,44.99999821,-15.82567373,123.5910364,622697.8324,1020880.162,6658437.346,-1900683.665
2024,8,6,0,11,45.99999279,-15.77960459,123.6297417,622621.1006,1016128.938,6660637.203,-1895264.575
2024,8,6,0,11,46.99998736,-15.73352588,123.6684287,622544.3569,1011376.532,6662829.309,-1889843.273
2024,8,6,0,11,47.99998194,-15.68743762,123.7070972,622467.6015,1006622.949,6665013.664,-1884419.766
2024,8,6,0,11,49.00001675,-15.64133985,123.7457473,622390.8345,1001868.195,6667190.263,-1878994.06
2024,8,6,0,11,50.00001132,-15.59523258,123.7843793,622314.056,997112.2747,6669359.104,-1873566.162
2024,8,6,0,11,51.0000059,-15.54911585,123.8229932,622237.2661,992355.1939,6671520.184,-1868136.078
2024,8,6,0,11,52.00000048,-15.50298968,123.8615889,622160.4649,987596.9583,6673673.501,-1862703.814
2024,8,6,0,11,52.99999505,-15.45685412,123.9001665,622083.6526,982837.5733,6675819.051,-1857269.376
2024,8,6,0,11,53.99998963,-15.41070918,123.9387262,622006.8292,978077.0443,6677956.832,-1851832.77
2024,8,6,0,11,54.9999842,-15.36455489,123.9772679,621929.9949,973315.3769,6680086.842,-1846394.004
2024,8,6,0,11,56.00001901,-15.31839129,124.0157916,621853.1498,968552.5766,6682209.077,-1840953.082
2024,8,6,0,11,57.00001359,-15.2722184,124.0542977,621776.294,963788.649,6684323.534,-1835510.012
2024,8,6,0,11,58.00000817,-15.22603625,124.0927861,621699.4276,959023.5994,6686430.212,-1830064.8
2024,8,6,0,11,59.00000274,-15.17984488,124.1312567,621622.5508,954257.4334,6688529.107,-1824617.452
2024,8,6,0,11,59.99999732,-15.1336443,124.1697098,621545.6636,949490.1566,6690620.216,-1819167.974
2024,8,6,0,12,0.999991894,-15.08743455,124.2081453,621468.7662,944721.7744,6692703.538,-1813716.372
2024,8,6,0,12,1.99998647,-15.04121565,124.2465633,621391.8587,939952.2924,6694779.069,-1808262.653
2024,8,6,0,12,2.999981046,-14.99498764,124.2849639,621314.9412,935181.716,6696846.806,-1802806.824
2024,8,6,0,12,4.000015855,-14.94875054,124.323347,621238.0137,930410.0509,6698906.747,-1797348.89
2024,8,6,0,12,5.000010431,-14.90250439,124.3617129,621161.0766,925637.3025,6700958.89,-1791888.858
2024,8,6,0,12,6.000005007,-14.85624921,124.4000616,621084.1297,920863.4763,6703003.231,-1786426.733
2024,8,6,0,12,6.999999583,-14.80998502,124.4383931,621007.1733,916088.5778,6705039.768,-1780962.524
2024,8,6,0,12,7.999994159,-14.76371186,124.4767076,620930.2075,911312.6127,6707068.499,-1775496.234
2024,8,6,0,12,8.999988735,-14.71742976,124.5150049,620853.2324,906535.5863,6709089.42,-1770027.872
2024,8,6,0,12,9.999983311,-14.67113875,124.5532853,620776.248,901757.5043,6711102.53,-1764557.443
2024,8,6,0,12,11.00001812,-14.62483884,124.5915486,620699.2546,896978.3722,6713107.825,-1759084.954
2024,8,6,0,12,12.0000127,-14.57853008,124.6297952,620622.2523,892198.1955,6715105.303,-1753610.411
2024,8,6,0,12,13.00000727,-14.53221249,124.668025,620545.241,887416.9797,6717094.962,-1748133.82
2024,8,6,0,12,14.00000185,-14.48588609,124.7062381,620468.221,882634.7304,6719076.798,-1742655.188
2024,8,6,0,12,14.99999642,-14.43955092,124.7444345,620391.1924,877851.4531,6721050.81,-1737174.52
2024,8,6,0,12,15.999991,-14.39320701,124.7826143,620314.1553,873067.1533,6723016.994,-1731691.824
2024,8,6,0,12,16.99998558,-14.34685438,124.8207775,620237.1098,868281.8366,6724975.349,-1726207.106
2024,8,6,0,12,17.99998015,-14.30049306,124.8589243,620160.056,863495.5086,6726925.871,-1720720.372
2024,8,6,0,12,19.00001496,-14.25412307,124.8970544,620082.9941,858708.1747,6728868.558,-1715231.627
2024,8,6,0,12,20.00000954,-14.20774446,124.9351684,620005.9241,853919.8405,6730803.408,-1709740.88
2024,8,6,0,12,21.00000411,-14.16135724,124.973266,619928.8461,849130.5116,6732730.418,-1704248.135
2024,8,6,0,12,21.99999869,-14.11496144,125.0113475,619851.7603,844340.1934,6734649.586,-1698753.4
2024,8,6,0,12,22.99999326,-14.06855709,125.0494127,619774.6668,839548.8916,6736560.909,-1693256.681
2024,8,6,0,12,23.99998784,-14.02214422,125.0874618,619697.5657,834756.6118,6738464.384,-1687757.983
2024,8,6,0,12,24.99998242,-13.97572286,125.1254949,619620.4572,829963.3593,6740360.01,-1682257.314
2024,8,6,0,12,26.00001723,-13.92929304,125.1635118,619543.3412,825169.1399,6742247.784,-1676754.68
2024,8,6,0,12,27.0000118,-13.88285477,125.201513,619466.218,820373.959,6744127.702,-1671250.087
2024,8,6,0,12,28.00000638,-13.8364081,125.2394983,619389.0877,815577.8223,6745999.764,-1665743.542
2024,8,6,0,12,29.00000095,-13.78995304,125.2774677,619311.9503,810780.7352,6747863.965,-1660235.05
2024,8,6,0,12,29.99999553,-13.74348963,125.3154215,619234.8061,805982.7033,6749720.305,-1654724.618
2024,8,6,0,12,30.99999011,-13.6970179,125.3533595,619157.655,801183.7323,6751568.781,-1649212.254
2024,8,6,0,12,31.99998468,-13.65053787,125.3912819,619080.4972,796383.8276,6753409.389,-1643697.962
2024,8,6,0,12,33.00001949,-13.60404956,125.4291886,619003.3329,791582.9948,6755242.128,-1638181.75
2024,8,6,0,12,34.00001407,-13.55755301,125.46708,618926.1621,786781.2395,6757066.996,-1632663.623
2024,8,6,0,12,35.00000864,-13.51104825,125.5049559,618848.9849,781978.5672,6758883.989,-1627143.589
2024,8,6,0,12,36.00000322,-13.4645353,125.5428164,618771.8016,777174.9835,6760693.106,-1621621.653
2024,8,6,0,12,36.99999779,-13.41801419,125.5806616,618694.6121,772370.494,6762494.345,-1616097.822
2024,8,6,0,12,37.99999237,-13.37148494,125.6184916,618617.4166,767565.1043,6764287.702,-1610572.102
2024,8,6,0,12,38.99998695,-13.32494759,125.6563064,618540.2152,762758.8199,6766073.176,-1605044.5
2024,8,6,0,12,39.99998152,-13.27840217,125.694106,618463.008,757951.6464,6767850.764,-1599515.023
2024,8,6,0,12,41.00001633,-13.23184869,125.7318904,618385.7952,753143.5893,6769620.463,-1593983.676
2024,8,6,0,12,42.00001091,-13.18528719,125.7696599,618308.5768,748334.6544,6771382.273,-1588450.465
2024,8,6,0,12,43.00000548,-13.13871769,125.8074145,618231.353,743524.847,6773136.189,-1582915.398
2024,8,6,0,12,44.00000006,-13.09214023,125.8451542,618154.1238,738714.1728,6774882.211,-1577378.481
2024,8,6,0,12,44.99999464,-13.04555482,125.8828791,618076.8894,733902.6374,6776620.335,-1571839.72
2024,8,6,0,12,45.99998921,-12.99896151,125.9205892,617999.65,729090.2464,6778350.559,-1566299.122
2024,8,6,0,12,46.99998379,-12.9523603,125.9582846,617922.4055,724277.0053,6780072.882,-1560756.692
2024,8,6,0,12,48.0000186,-12.90575124,125.9959652,617845.1562,719462.9197,6781787.3,-1555212.438
2024,8,6,0,12,49.00001317,-12.85913434,126.0336313,617767.9021,714647.9953,6783493.812,-1549666.366
2024,8,6,0,12,50.00000775,-12.81250964,126.071283,617690.6433,709832.2376,6785192.415,-1544118.482
2024,8,6,0,12,51.00000232,-12.76587717,126.1089201,617613.3801,705015.6521,6786883.108,-1538568.793
2024,8,6,0,12,51.9999969,-12.71923694,126.1465429,617536.1124,700198.2445,6788565.887,-1533017.305
2024,8,6,0,12,52.99999148,-12.67258899,126.1841513,617458.8403,695380.0204,6790240.751,-1527464.025
2024,8,6,0,12,53.99998605,-12.62593334,126.2217454,617381.5641,690560.9854,6791907.697,-1521908.958
2024,8,6,0,12,54.99998063,-12.57927002,126.2593253,617304.2838,685741.145,6793566.724,-1516352.112
2024,8,6,0,12,56.00001544,-12.53259907,126.2968909,617226.9996,680920.5048,6795217.828,-1510793.493
2024,8,6,0,12,57.00001001,-12.48592049,126.3344425,617149.7114,676099.0705,6796861.008,-1505233.107
2024,8,6,0,12,58.00000459,-12.43923433,126.3719801,617072.4195,671276.8477,6798496.263,-1499670.961
2024,8,6,0,12,58.99999917,-12.39254061,126.4095037,616995.124,666453.8419,6800123.588,-1494107.061
2024,8,6,0,12,59.99999374,-12.34583936,126.4470134,616917.825,661630.0587,6801742.983,-1488541.414
2024,8,6,0,13,0.999988317,-12.29913059,126.4845092,616840.5225,656805.5037,6803354.445,-1482974.025
2024,8,6,0,13,1.999982893,-12.25241435,126.5219912,616763.2168,651980.1826,6804957.973,-1477404.903
2024,8,6,0,13,3.000017703,-12.20569066,126.5594593,616685.9078,647154.101,6806553.563,-1471834.052
2024,8,6,0,13,4.000012279,-12.15895953,126.5969139,616608.5958,642327.2644,6808141.214,-1466261.48
2024,8,6,0,13,5.000006855,-12.11222101,126.6343549,616531.2808,637499.6784,6809720.924,-1460687.193
2024,8,6,0,13,6.000001431,-12.06547511,126.6717822,616453.963,632671.3487,6811292.69,-1455111.197
2024,8,6,0,13,6.999996006,-12.01872187,126.7091961,616376.6424,627842.2809,6812856.511,-1449533.499
2024,8,6,0,13,7.999990582,-11.97196131,126.7465966,616299.3192,623012.4806,6814412.384,-1443954.105
2024,8,6,0,13,8.999985158,-11.92519346,126.7839836,616221.9934,618181.9533,6815960.308,-1438373.023
2024,8,6,0,13,10.00001997,-11.87841834,126.8213572,616144.6653,613350.7048,6817500.28,-1432790.257
2024,8,6,0,13,11.00001454,-11.83163598,126.8587177,616067.3349,608518.7406,6819032.298,-1427205.815
2024,8,6,0,13,12.00000912,-11.7848464,126.8960649,615990.0023,603686.0663,6820556.361,-1421619.704
2024,8,6,0,13,13.0000037,-11.73804964,126.933399,615912.6676,598852.6876,6822072.466,-1416031.929
2024,8,6,0,13,13.99999827,-11.69124572,126.9707201,615835.3309,594018.61,6823580.61,-1410442.498
2024,8,6,0,13,14.99999285,-11.64443467,127.008028,615757.9924,589183.8392,6825080.793,-1404851.416
2024,8,6,0,13,15.99998742,-11.59761651,127.0453231,615680.6522,584348.3808,6826573.012,-1399258.69
2024,8,6,0,13,16.999982,-11.55079127,127.0826052,615603.3103,579512.2404,6828057.266,-1393664.327
2024,8,6,0,13,18.00001681,-11.50395898,127.1198743,615525.967,574675.4237,6829533.551,-1388068.333
2024,8,6,0,13,19.00001138,-11.45711966,127.1571308,615448.6222,569837.9362,6831001.866,-1382470.715
2024,8,6,0,13,20.00000596,-11.41027334,127.1943745,615371.2761,564999.7836,6832462.21,-1376871.479
2024,8,6,0,13,21.00000054,-11.36342004,127.2316056,615293.9289,560160.9716,6833914.58,-1371270.631
2024,8,6,0,13,21.99999511,-11.3165598,127.268824,615216.5805,555321.5056,6835358.974,-1365668.179
2024,8,6,0,13,22.99998969,-11.26969263,127.30603,615139.2312,550481.3915,6836795.39,-1360064.129
2024,8,6,0,13,23.99998426,-11.22281857,127.3432234,615061.8811,545640.6347,6838223.827,-1354458.486
2024,8,6,0,13,25.00001907,-11.17593764,127.3804042,614984.5302,540799.241,6839644.282,-1348851.259
2024,8,6,0,13,26.00001365,-11.12904987,127.4175728,614907.1787,535957.2159,6841056.754,-1343242.452
2024,8,6,0,13,27.00000823,-11.08215528,127.4547291,614829.8267,531114.5651,6842461.24,-1337632.073
2024,8,6,0,13,28.0000028,-11.0352539,127.4918731,614752.4742,526271.2943,6843857.739,-1332020.129
2024,8,6,0,13,28.99999738,-10.98834576,127.5290049,614675.1215,521427.4089,6845246.249,-1326406.625
2024,8,6,0,13,29.99999195,-10.94143087,127.5661246,614597.7686,516582.9148,6846626.768,-1320791.568
2024,8,6,0,13,30.99998653,-10.89450928,127.6032322,614520.4156,511737.8175,6847999.294,-1315174.965
2024,8,6,0,13,31.99998111,-10.847581,127.6403278,614443.0626,506892.1227,6849363.825,-1309556.823
2024,8,6,0,13,33.00001591,-10.80064606,127.6774112,614365.7098,502045.8359,6850720.359,-1303937.147
2024,8,6,0,13,34.00001049,-10.75370449,127.7144829,614288.3572,497198.9629,6852068.895,-1298315.945
2024,8,6,0,13,35.00000507,-10.70675631,127.7515428,614211.005,492351.5093,6853409.431,-1292693.222
2024,8,6,0,13,35.99999964,-10.65980155,127.7885908,614133.6533,487503.4807,6854741.964,-1287068.986
2024,8,6,0,13,36.99999422,-10.61284024,127.8256272,614056.3022,482654.8828,6856066.494,-1281443.243
2024,8,6,0,13,37.99998879,-10.56587239,127.8626519,613978.9517,477805.7211,6857383.018,-1275816
2024,8,6,0,13,38.99998337,-10.51889805,127.8996649,613901.6021,472956.0015,6858691.534,-1270187.262
2024,8,6,0,13,40.00001818,-10.47191722,127.9366663,613824.2533,468105.7294,6859992.041,-1264557.037
2024,8,6,0,13,41.00001276,-10.42492995,127.9736563,613746.9056,463254.9105,6861284.537,-1258925.331
2024,8,6,0,13,42.00000733,-10.37793625,128.0106348,613669.559,458403.5506,6862569.019,-1253292.151
2024,8,6,0,13,43.00000191,-10.33093615,128.047602,613592.2137,453551.6552,6863845.487,-1247657.503
2024,8,6,0,13,43.99999648,-10.28392967,128.0845579,613514.8697,448699.2299,6865113.939,-1242021.394
2024,8,6,0,13,44.99999106,-10.23691685,128.1215025,613437.5272,443846.2805,6866374.373,-1236383.83
2024,8,6,0,13,45.99998564,-10.18989771,128.1584359,613360.1862,438992.8126,6867626.786,-1230744.819
2024,8,6,0,13,46.99998021,-10.14287227,128.1953582,613282.8469,434138.8319,6868871.178,-1225104.365
2024,8,6,0,13,48.00001502,-10.09584056,128.2322692,613205.5094,429284.3439,6870107.547,-1219462.477
2024,8,6,0,13,49.0000096,-10.04880261,128.2691693,613128.1738,424429.3544,6871335.891,-1213819.16
2024,8,6,0,13,50.00000417,-10.00175844,128.3060585,613050.8402,419573.869,6872556.207,-1208174.421
2024,8,6,0,13,50.99999875,-9.954708071,128.3429367,612973.5088,414717.8934,6873768.496,-1202528.267
2024,8,6,0,13,51.99999332,-9.90765154,128.3798042,612896.1795,409861.4331,6874972.754,-1196880.704
2024,8,6,0,13,52.9999879,-9.860588867,128.4166608,612818.8526,405004.494,6876168.981,-1191231.739
2024,8,6,0,13,53.99998248,-9.813520079,128.4535066,612741.5281,400147.0816,6877357.174,-1185581.379
2024,8,6,0,13,55.00001729,-9.766445201,128.4903417,612664.2062,395289.2015,6878537.332,-1179929.629
2024,8,6,0,13,56.00001186,-9.719364258,128.5271662,612586.8869,390430.8596,6879709.453,-1174276.497
2024,8,6,0,13,57.00000644,-9.672277277,128.5639802,612509.5704,385572.0613,6880873.536,-1168621.989
2024,8,6,0,13,58.00000101,-9.625184282,128.6007837,612432.2568,380712.8125,6882029.579,-1162966.112
2024,8,6,0,13,58.99999559,-9.578085301,128.6375768,612354.9461,375853.1186,6883177.581,-1157308.872
2024,8,6,0,13,59.99999017,-9.530980357,128.6743594,612277.6386,370992.9855,6884317.539,-1151650.276
2024,8,6,0,14,0.999984741,-9.483869477,128.7111317,612200.3342,366132.4188,6885449.452,-1145990.331
2024,8,6,0,14,2.00001955,-9.436752686,128.7478936,612123.0332,361271.4241,6886573.319,-1140329.042
2024,8,6,0,14,3.000014126,-9.38963001,128.7846454,612045.7356,356410.0071,6887689.138,-1134666.417
2024,8,6,0,14,4.000008702,-9.342501474,128.8213871,611968.4415,351548.1734,6888796.908,-1129002.463
2024,8,6,0,14,5.000003278,-9.295367104,128.8581187,611891.151,346685.9289,6889896.626,-1123337.185
2024,8,6,0,14,5.999997854,-9.248226925,128.8948402,611813.8643,341823.279,6890988.292,-1117670.591
2024,8,6,0,14,6.99999243,-9.201080963,128.9315517,611736.5814,336960.2295,6892071.904,-1112002.686
2024,8,6,0,14,7.999987006,-9.153929243,128.9682533,611659.3025,332096.7861,6893147.46,-1106333.479
2024,8,6,0,14,8.999981582,-9.10677179,129.004945,611582.0276,327232.9544,6894214.958,-1100662.974
2024,8,6,0,14,10.00001639,-9.059608631,129.0416268,611504.7569,322368.7401,6895274.398,-1094991.179
2024,8,6,0,14,11.00001097,-9.012439789,129.0782989,611427.4905,317504.1488,6896325.778,-1089318.101
2024,8,6,0,14,12.00000554,-8.965265291,129.1149614,611350.2285,312639.1864,6897369.096,-1083643.746
2024,8,6,0,14,13.00000012,-8.918085162,129.1516142,611272.971,307773.8583,6898404.351,-1077968.121
2024,8,6,0,14,13.9999947,-8.870899427,129.1882574,611195.7181,302908.1703,6899431.541,-1072291.232
2024,8,6,0,14,14.99998927,-8.823708112,129.2248911,611118.4698,298042.1281,6900450.665,-1066613.085
2024,8,6,0,14,15.99998385,-8.776511242,129.2615154,611041.2264,293175.7374,6901461.722,-1060933.688
2024,8,6,0,14,17.00001866,-8.729308842,129.29813,610963.988,288309.0038,6902464.709,-1055253.048
2024,8,6,0,14,18.00001323,-8.682100937,129.3347355,610886.7545,283441.933,6903459.626,-1049571.17
2024,8,6,0,14,19.00000781,-8.634887553,129.3713316,610809.5262,278574.5307,6904446.471,-1043888.061
2024,8,6,0,14,20.00000238,-8.587668715,129.4079186,610732.3031,273706.8026,6905425.243,-1038203.729
2024,8,6,0,14,20.99999696,-8.540444448,129.4444963,610655.0854,268838.7543,6906395.94,-1032518.179
2024,8,6,0,14,21.99999154,-8.493214778,129.4810649,610577.8731,263970.3916,6907358.561,-1026831.418
2024,8,6,0,14,22.99998611,-8.445979728,129.5176244,610500.6664,259101.7201,6908313.104,-1021143.453
2024,8,6,0,14,23.99998069,-8.398739326,129.554175,610423.4654,254232.7455,6909259.569,-1015454.291
2024,8,6,0,14,25.0000155,-8.351493595,129.5907164,610346.2701,249363.4735,6910197.953,-1009763.937
2024,8,6,0,14,26.00001007,-8.304242561,129.6272491,610269.0807,244493.9097,6911128.256,-1004072.4
2024,8,6,0,14,27.00000465,-8.256986249,129.6637729,610191.8973,239624.0599,6912050.475,-998379.6846
2024,8,6,0,14,27.99999923,-8.209724684,129.7002879,610114.72,234753.9298,6912964.611,-992685.7985
2024,8,6,0,14,28.9999938,-8.162457892,129.7367943,610037.5489,229883.5249,6913870.66,-986990.7481
2024,8,6,0,14,29.99998838,-8.115185896,129.7732919,609960.3842,225012.8511,6914768.623,-981294.54
2024,8,6,0,14,30.99998295,-8.067908723,129.8097809,609883.2258,220141.9141,6915658.497,-975597.1809
2024,8,6,0,14,32.00001776,-8.020626398,129.8462612,609806.0739,215270.7194,6916540.282,-969898.6774
2024,8,6,0,14,33.00001234,-7.973338944,129.8827332,609728.9287,210399.2728,6917413.976,-964199.0361
2024,8,6,0,14,34.00000691,-7.926046388,129.9191968,609651.7902,205527.58,6918279.577,-958498.2637
2024,8,6,0,14,35.00000149,-7.878748755,129.9556519,609574.6585,200655.6466,6919137.086,-952796.3669
2024,8,6,0,14,35.99999607,-7.831446069,129.9920987,609497.5338,195783.4784,6919986.499,-947093.3523
2024,8,6,0,14,36.99999064,-7.784138355,130.0285373,609420.4161,190911.0811,6920827.817,-941389.2265
2024,8,6,0,14,37.99998522,-7.736825638,130.0649676,609343.3055,186038.4603,6921661.037,-935683.9963
2024,8,6,0,14,39.00002003,-7.689507944,130.1013896,609266.2022,181165.6218,6922486.159,-929977.6682
2024,8,6,0,14,40.0000146,-7.642185297,130.1378037,609189.1063,176292.5711,6923303.181,-924270.249
2024,8,6,0,14,41.00000918,-7.594857722,130.1742097,609112.0179,171419.3142,6924112.102,-918561.7452
2024,8,6,0,14,42.00000376,-7.547525244,130.2106077,609034.937,166545.8565,6924912.921,-912852.1636
2024,8,6,0,14,42.99999833,-7.500187887,130.2469978,608957.8638,161672.2039,6925705.636,-907141.5108
2024,8,6,0,14,43.99999291,-7.452845678,130.28338,608880.7984,156798.362,6926490.248,-901429.7935
2024,8,6,0,14,44.99998748,-7.405498639,130.3197544,608803.7408,151924.3365,6927266.753,-895717.0184
2024,8,6,0,14,45.99998206,-7.358146798,130.3561211,608726.6913,147050.1332,6928035.152,-890003.1921
2024,8,6,0,14,47.00001687,-7.310790177,130.3924798,608649.6498,142175.7576,6928795.442,-884288.3212
2024,8,6,0,14,48.00001144,-7.263428803,130.4288311,608572.6165,137301.2156,6929547.623,-878572.4126
2024,8,6,0,14,49.00000602,-7.216062699,130.4651748,608495.5916,132426.5127,6930291.694,-872855.4728
2024,8,6,0,14,50.0000006,-7.168691891,130.5015109,608418.575,127551.6548,6931027.654,-867137.5084
2024,8,6,0,14,50.99999517,-7.121316403,130.5378396,608341.567,122676.6475,6931755.501,-861418.5263
2024,8,6,0,14,51.99998975,-7.073936261,130.5741609,608264.5676,117801.4966,6932475.234,-855698.5331
2024,8,6,0,14,52.99998432,-7.026551488,130.6104747,608187.5769,112926.2076,6933186.852,-849977.5354
2024,8,6,0,14,54.00001913,-6.97916211,130.6467811,608110.595,108050.7864,6933890.354,-844255.5399
2024,8,6,0,14,55.00001371,-6.931768152,130.6830804,608033.622,103175.2386,6934585.74,-838532.5534
2024,8,6,0,14,56.00000829,-6.884369637,130.7193725,607956.6581,98299.56987,6935273.007,-832808.5824
2024,8,6,0,14,57.00000286,-6.836966592,130.7556575,607879.7033,93423.78602,6935952.155,-827083.6338
2024,8,6,0,14,57.99999744,-6.78955904,130.7919354,607802.7577,88547.8927,6936623.183,-821357.7141
2024,8,6,0,14,58.99999201,-6.742147006,130.8282062,607725.8215,83671.89563,6937286.089,-815630.8301
2024,8,6,0,14,59.99998659,-6.694730514,130.8644701,607648.8948,78795.8005,6937940.874,-809902.9885
2024,8,6,0,15,0.999981165,-6.647309591,130.9007271,607571.9775,73919.61303,6938587.534,-804174.1959
2024,8,6,0,15,2.000015974,-6.599884259,130.936977,607495.07,69043.33892,6939226.071,-798444.4591
2024,8,6,0,15,3.00001055,-6.552454544,130.9732203,607418.1721,64166.98388,6939856.482,-792713.7847
2024,8,6,0,15,4.000005126,-6.505020471,131.0094568,607341.2842,59290.55361,6940478.767,-786982.1795
2024,8,6,0,15,4.999999702,-6.457582064,131.0456867,607264.4062,54414.05382,6941092.924,-781249.6501
2024,8,6,0,15,5.999994278,-6.410139347,131.0819099,607187.5382,49537.49023,6941698.953,-775516.2032
2024,8,6,0,15,6.999988854,-6.362692345,131.1181265,607110.6805,44660.86853,6942296.852,-769781.8456
2024,8,6,0,15,7.99998343,-6.315241083,131.1543366,607033.8329,39784.19444,6942886.622,-764046.584
2024,8,6,0,15,9.000018239,-6.267785586,131.1905401,606956.9958,34907.47367,6943468.26,-758310.425
2024,8,6,0,15,10.00001281,-6.220325877,131.2267373,606880.1691,30030.71194,6944041.765,-752573.3754
2024,8,6,0,15,11.00000739,-6.172861982,131.2629281,606803.353,25153.91494,6944607.138,-746835.4419
2024,8,6,0,15,12.00000197,-6.125393924,131.2991127,606726.5476,20277.08839,6945164.376,-741096.6311
2024,8,6,0,15,12.99999654,-6.07792173,131.335291,606649.7529,15400.238,6945713.48,-735356.9499
2024,8,6,0,15,13.99999112,-6.030445422,131.3714631,606572.9692,10523.36949,6946254.447,-729616.4048
2024,8,6,0,15,14.99998569,-5.982965026,131.4076291,606496.1964,5646.488565,6946787.278,-723875.0027
2024,8,6,0,15,15.99998027,-5.935480565,131.443789,606419.4346,769.6009373,6947311.971,-718132.7502
2024,8,6,0,15,17.00001508,-5.887992066,131.4799428,606342.6841,-4107.287679,6947828.526,-712389.6541
2024,8,6,0,15,18.00000966,-5.840499551,131.5160907,606265.9449,-8984.171569,6948336.941,-706645.7211
2024,8,6,0,15,19.00000423,-5.793003046,131.5522327,606189.217,-13861.04502,6948837.215,-700900.9578
2024,8,6,0,15,19.99999881,-5.745502574,131.5883689,606112.5006,-18737.90232,6949329.349,-695155.3711
2024,8,6,0,15,20.99999338,-5.697998161,131.6244992,606035.7959,-23614.73775,6949813.34,-689408.9676
2024,8,6,0,15,21.99998796,-5.650489831,131.6606238,605959.1028,-28491.5456,6950289.189,-683661.7541
2024,8,6,0,15,22.99998254,-5.602977608,131.6967428,605882.4215,-33368.32016,6950756.894,-677913.7372
2024,8,6,0,15,24.00001734,-5.555461516,131.7328559,605805.752,-38245.0557,6951216.454,-672164.9238
2024,8,6,0,15,25.00001192,-5.507941581,131.7689636,605729.0946,-43121.74651,6951667.87,-666415.3206
2024,8,6,0,15,26.0000065,-5.460417826,131.8050659,605652.4493,-47998.38687,6952111.139,-660664.9342
2024,8,6,0,15,27.00000107,-5.412890276,131.8411626,605575.8162,-52874.97108,6952546.261,-654913.7714
2024,8,6,0,15,27.99999565,-5.365358955,131.8772539,605499.1953,-57751.49341,6952973.236,-649161.839
2024,8,6,0,15,28.99999022,-5.317823888,131.9133399,605422.5869,-62627.94814,6953392.062,-643409.1437
2024,8,6,0,15,29.9999848,-5.270285099,131.9494206,605345.9909,-67504.32956,6953802.739,-637655.6921
2024,8,6,0,15,31.00001961,-5.222742612,131.9854959,605269.4075,-72380.63195,6954205.266,-631901.4911
2024,8,6,0,15,32.00001419,-5.175196452,132.0215661,605192.8369,-77256.8496,6954599.642,-626146.5474
2024,8,6,0,15,33.00000876,-5.127646643,132.0576313,605116.279,-82132.97677,6954985.867,-620390.8678
2024,8,6,0,15,34.00000334,-5.080093209,132.0936913,605039.734,-87009.00777,6955363.94,-614634.4589
2024,8,6,0,15,34.99999791,-5.032536175,132.1297464,604963.202,-91884.93685,6955733.86,-608877.3275
2024,8,6,0,15,35.99999249,-4.984975565,132.1657964,604886.6831,-96760.75832,6956095.627,-603119.4803
2024,8,6,0,15,36.99998707,-4.937411404,132.2018416,604810.1774,-101636.4664,6956449.239,-597360.9242
2024,8,6,0,15,37.99998164,-4.889843715,132.2378819,604733.6849,-106512.0555,6956794.697,-591601.6658
2024,8,6,0,15,39.00001645,-4.842272523,132.2739173,604657.2059,-111387.5198,6957131.999,-585841.7119
2024,8,6,0,15,40.00001103,-4.794697853,132.309948,604580.7404,-116262.8536,6957461.145,-580081.0692
2024,8,6,0,15,41.0000056,-4.747119728,132.3459741,604504.2884,-121138.0511,6957782.133,-574319.7446
2024,8,6,0,15,42.00000018,-4.699538173,132.3819956,604427.8501,-126013.1067,6958094.965,-568557.7446
2024,8,6,0,15,42.99999475,-4.651953212,132.4180125,604351.4257,-130888.0147,6958399.638,-562795.0762
2024,8,6,0,15,43.99998933,-4.60436487,132.4540248,604275.015,-135762.7693,6958696.152,-557031.746
2024,8,6,0,15,44.99998391,-4.55677317,132.4900327,604198.6184,-140637.3647,6958984.507,-551267.7608
2024,8,6,0,15,46.00001872,-4.509178137,132.5260361,604122.2359,-145511.7954,6959264.702,-545503.1274
2024,8,6,0,15,47.00001329,-4.461579795,132.5620352,604045.8675,-150386.0555,6959536.737,-539737.8525
2024,8,6,0,15,48.00000787,-4.413978169,132.59803,603969.5134,-155260.1393,6959800.61,-533971.9428
2024,8,6,0,15,49.00000244,-4.366373282,132.6340206,603893.1737,-160134.0411,6960056.322,-528205.4052
2024,8,6,0,15,49.99999702,-4.31876516,132.6700071,603816.8485,-165007.7553,6960303.871,-522438.2464
2024,8,6,0,15,50.9999916,-4.271153825,132.7059893,603740.5378,-169881.2759,6960543.257,-516670.4731
2024,8,6,0,15,51.99998617,-4.223539303,132.7419676,603664.2418,-174754.5975,6960774.48,-510902.0922
2024,8,6,0,15,52.99998075,-4.175921617,132.7779417,603587.9606,-179627.7141,6960997.539,-505133.1103
2024,8,6,0,15,54.00001556,-4.128300792,132.8139118,603511.6942,-184500.6202,6961212.433,-499363.5343
2024,8,6,0,15,55.00001013,-4.080676852,132.8498781,603435.4428,-189373.3099,6961419.163,-493593.3709
2024,8,6,0,15,56.00000471,-4.033049822,132.8858406,603359.2065,-194245.7775,6961617.727,-487822.6269
2024,8,6,0,15,56.99999928,-3.985419724,132.9217992,603282.9853,-199118.0174,6961808.125,-482051.3091
2024,8,6,0,15,57.99999386,-3.937786585,132.9577541,603206.7794,-203990.0239,6961990.356,-476279.4242
2024,8,6,0,15,58.99998844,-3.890150427,132.9937054,603130.5888,-208861.791,6962164.421,-470506.9789
2024,8,6,0,15,59.99998301,-3.842511275,133.029653,603054.4137,-213733.3133,6962330.318,-464733.9802
2024,8,6,0,16,1.000017822,-3.794869153,133.0655968,602978.2541,-218604.5849,6962488.047,-458960.4346
2024,8,6,0,16,2.000012398,-3.747224085,133.1015373,602902.1101,-223475.6001,6962637.607,-453186.3491
2024,8,6,0,16,3.000006974,-3.699576096,133.1374743,602825.9819,-228346.3531,6962778.999,-447411.7304
2024,8,6,0,16,4.00000155,-3.651925209,133.1734079,602749.8696,-233216.8384,6962912.222,-441636.5853
2024,8,6,0,16,4.999996126,-3.604271449,133.2093382,602673.7731,-238087.0501,6963037.275,-435860.9205
2024,8,6,0,16,5.999990702,-3.55661484,133.2452651,602597.6927,-242956.9825,6963154.158,-430084.7428
2024,8,6,0,16,6.999985278,-3.508955407,133.2811888,602521.6284,-247826.6299,6963262.87,-424308.059
2024,8,6,0,16,8.000020087,-3.461293172,133.3171092,602445.5804,-252695.9866,6963363.412,-418530.8759
2024,8,6,0,16,9.000014663,-3.413628161,133.3530266,602369.5486,-257565.0468,6963455.782,-412753.2003
2024,8,6,0,16,10.00000924,-3.365960397,133.3889409,602293.5333,-262433.8048,6963539.981,-406975.0389
2024,8,6,0,16,11.00000381,-3.318289905,133.4248521,602217.5345,-267302.2549,6963616.007,-401196.3986
2024,8,6,0,16,11.99999839,-3.270616709,133.4607604,602141.5523,-272170.3914,6963683.862,-395417.2861
2024,8,6,0,16,12.99999297,-3.222940832,133.4966658,602065.5867,-277038.2086,6963743.543,-389637.7082
2024,8,6,0,16,13.99998754,-3.1752623,133.5325683,601989.638,-281905.7007,6963795.052,-383857.6717
2024,8,6,0,16,14.99998212,-3.127581136,133.5684681,601913.7062,-286772.862,6963838.387,-378077.1833
2024,8,6,0,16,16.00001693,-3.079897364,133.6043649,601837.7914,-291639.6867,6963873.548,-372296.25
2024,8,6,0,16,17.0000115,-3.032211009,133.6402591,601761.8936,-296506.1692,6963900.536,-366514.8784
2024,8,6,0,16,18.00000608,-2.984522094,133.6761508,601686.013,-301372.3038,6963919.349,-360733.0753
2024,8,6,0,16,19.00000066,-2.936830643,133.7120398,601610.1497,-306238.0846,6963929.988,-354950.8476
2024,8,6,0,16,19.99999523,-2.889136682,133.7479263,601534.3038,-311103.506,6963932.451,-349168.2021
2024,8,6,0,16,20.99998981,-2.841440233,133.7838104,601458.4754,-315968.5623,6963926.74,-343385.1455
2024,8,6,0,16,21.99998438,-2.793741321,133.819692,601382.6644,-320833.2477,6963912.853,-337601.6846
2024,8,6,0,16,23.00001919,-2.746039971,133.8555711,601306.8712,-325697.5566,6963890.791,-331817.8262
2024,8,6,0,16,24.00001377,-2.698336205,133.8914481,601231.0957,-330561.4831,6963860.553,-326033.5771
2024,8,6,0,16,25.00000834,-2.650630049,133.9273228,601155.338,-335425.0216,6963822.139,-320248.9442
2024,8,6,0,16,26.00000292,-2.602921526,133.9631953,601079.5983,-340288.1663,6963775.548,-314463.9342
2024,8,6,0,16,26.9999975,-2.55521066,133.9990656,601003.8766,-345150.9115,6963720.781,-308678.5538
2024,8,6,0,16,27.99999207,-2.507497476,134.0349339,600928.1731,-350013.2515,6963657.837,-302892.8101
2024,8,6,0,16,28.99998665,-2.459781998,134.0708001,600852.4878,-354875.1806,6963586.716,-297106.7096
2024,8,6,0,16,29.99998122,-2.41206425,134.1066644,600776.8207,-359736.6931,6963507.418,-291320.2592
2024,8,6,0,16,31.00001603,-2.364344255,134.1425265,600701.1721,-364597.7831,6963419.943,-285533.4658
2024,8,6,0,16,32.00001061,-2.316622038,134.178387,600625.542,-369458.4451,6963324.29,-279746.3361
2024,8,6,0,16,33.00000519,-2.268897623,134.2142456,600549.9305,-374318.6732,6963220.46,-273958.8769
2024,8,6,0,16,33.99999976,-2.221171034,134.2501025,600474.3377,-379178.4618,6963108.452,-268171.0951
2024,8,6,0,16,34.99999434,-2.173442296,134.2859577,600398.7637,-384037.8051,6962988.266,-262382.9974
2024,8,6,0,16,35.99998891,-2.125711432,134.3218113,600323.2086,-388896.6974,6962859.902,-256594.5907
2024,8,6,0,16,36.99998349,-2.077978466,134.3576632,600247.6724,-393755.1331,6962723.36,-250805.8817
2024,8,6,0,16,38.0000183,-2.030243422,134.3935134,600172.1553,-398613.1062,6962578.64,-245016.8773
2024,8,6,0,16,39.00001287,-1.982506325,134.4293624,600096.6574,-403470.6113,6962425.741,-239227.5842
2024,8,6,0,16,40.00000745,-1.934767199,134.4652099,600021.1787,-408327.6424,6962264.664,-233438.0094
